Jun,19,2021,Day,0,CIGAR
Jun,20,2021,Day,1,REBUT
Jun,21,2021,Day,2,SISSY
Jun,22,2021,Day,3,HUMPH
Jun,23,2021,Day,4,AWAKE
Jun,24,2021,Day,5,BLUSH
Jun,25,2021,Day,6,FOCAL
Jun,26,2021,Day,7,EVADE
Jun,27,2021,Day,8,NAVAL
Jun,28,2021,Day,9,SERVE
Jun,29,2021,Day,10,HEATH
Jun,30,2021,Day,11,DWARF
Jul,01,2021,Day,12,MODEL
Jul,02,2021,Day,13,KARMA
Jul,03,2021,Day,14,STINK
Jul,04,2021,Day,15,GRADE
Jul,05,2021,Day,16,QUIET
Jul,06,2021,Day,17,BENCH
Jul,07,2021,Day,18,ABATE
Jul,08,2021,Day,19,FEIGN
Jul,09,2021,Day,20,MAJOR
Jul,10,2021,Day,21,DEATH
Jul,11,2021,Day,22,FRESH
Jul,12,2021,Day,23,CRUST
Jul,13,2021,Day,24,STOOL
Jul,14,2021,Day,25,COLON
Jul,15,2021,Day,26,ABASE
Jul,16,2021,Day,27,MARRY
Jul,17,2021,Day,28,REACT
Jul,18,2021,Day,29,BATTY
Jul,19,2021,Day,30,PRIDE
Jul,20,2021,Day,31,FLOSS
Jul,21,2021,Day,32,HELIX
Jul,22,2021,Day,33,CROAK
Jul,23,2021,Day,34,STAFF
Jul,24,2021,Day,35,PAPER
Jul,25,2021,Day,36,UNFED
Jul,26,2021,Day,37,WHELP
Jul,27,2021,Day,38,TRAWL
Jul,28,2021,Day,39,OUTDO
Jul,29,2021,Day,40,ADOBE
Jul,30,2021,Day,41,CRAZY
Jul,31,2021,Day,42,SOWER
Aug,01,2021,Day,43,REPAY
Aug,02,2021,Day,44,DIGIT
Aug,03,2021,Day,45,CRATE
Aug,04,2021,Day,46,CLUCK
Aug,05,2021,Day,47,SPIKE
Aug,06,2021,Day,48,MIMIC
Aug,07,2021,Day,49,POUND
Aug,08,2021,Day,50,MAXIM
Aug,09,2021,Day,51,LINEN
Aug,10,2021,Day,52,UNMET
Aug,11,2021,Day,53,FLESH
Aug,12,2021,Day,54,BOOBY
Aug,13,2021,Day,55,FORTH
Aug,14,2021,Day,56,FIRST
Aug,15,2021,Day,57,STAND
Aug,16,2021,Day,58,BELLY
Aug,17,2021,Day,59,IVORY
Aug,18,2021,Day,60,SEEDY
Aug,19,2021,Day,61,PRINT
Aug,20,2021,Day,62,YEARN
Aug,21,2021,Day,63,DRAIN
Aug,22,2021,Day,64,BRIBE
Aug,23,2021,Day,65,STOUT
Aug,24,2021,Day,66,PANEL
Aug,25,2021,Day,67,CRASS
Aug,26,2021,Day,68,FLUME
Aug,27,2021,Day,69,OFFAL
Aug,28,2021,Day,70,AGREE
Aug,29,2021,Day,71,ERROR
Aug,30,2021,Day,72,SWIRL
Aug,31,2021,Day,73,ARGUE
Sep,01,2021,Day,74,BLEED
Sep,02,2021,Day,75,DELTA
Sep,03,2021,Day,76,FLICK
Sep,04,2021,Day,77,TOTEM
Sep,05,2021,Day,78,WOOER
Sep,06,2021,Day,79,FRONT
Sep,07,2021,Day,80,SHRUB
Sep,08,2021,Day,81,PARRY
Sep,09,2021,Day,82,BIOME
Sep,10,2021,Day,83,LAPEL
Sep,11,2021,Day,84,START
Sep,12,2021,Day,85,GREET
Sep,13,2021,Day,86,GONER
Sep,14,2021,Day,87,GOLEM
Sep,15,2021,Day,88,LUSTY
Sep,16,2021,Day,89,LOOPY
Sep,17,2021,Day,90,ROUND
Sep,18,2021,Day,91,AUDIT
Sep,19,2021,Day,92,LYING
Sep,20,2021,Day,93,GAMMA
Sep,21,2021,Day,94,LABOR
Sep,22,2021,Day,95,ISLET
Sep,23,2021,Day,96,CIVIC
Sep,24,2021,Day,97,FORGE
Sep,25,2021,Day,98,CORNY
Sep,26,2021,Day,99,MOULT
Sep,27,2021,Day,100,BASIC
Sep,28,2021,Day,101,SALAD
Sep,29,2021,Day,102,AGATE
Sep,30,2021,Day,103,SPICY
Oct,01,2021,Day,104,SPRAY
Oct,02,2021,Day,105,ESSAY
Oct,03,2021,Day,106,FJORD
Oct,04,2021,Day,107,SPEND
Oct,05,2021,Day,108,KEBAB
Oct,06,2021,Day,109,GUILD
Oct,07,2021,Day,110,ABACK
Oct,08,2021,Day,111,MOTOR
Oct,09,2021,Day,112,ALONE
Oct,10,2021,Day,113,HATCH
Oct,11,2021,Day,114,HYPER
Oct,12,2021,Day,115,THUMB
Oct,13,2021,Day,116,DOWRY
Oct,14,2021,Day,117,OUGHT
Oct,15,2021,Day,118,BELCH
Oct,16,2021,Day,119,DUTCH
Oct,17,2021,Day,120,PILOT
Oct,18,2021,Day,121,TWEED
Oct,19,2021,Day,122,COMET
Oct,20,2021,Day,123,JAUNT
Oct,21,2021,Day,124,ENEMA
Oct,22,2021,Day,125,STEED
Oct,23,2021,Day,126,ABYSS
Oct,24,2021,Day,127,GROWL
Oct,25,2021,Day,128,FLING
Oct,26,2021,Day,129,DOZEN
Oct,27,2021,Day,130,BOOZY
Oct,28,2021,Day,131,ERODE
Oct,29,2021,Day,132,WORLD
Oct,30,2021,Day,133,GOUGE
Oct,31,2021,Day,134,CLICK
Nov,01,2021,Day,135,BRIAR
Nov,02,2021,Day,136,GREAT
Nov,03,2021,Day,137,ALTAR
Nov,04,2021,Day,138,PULPY
Nov,05,2021,Day,139,BLURT
Nov,06,2021,Day,140,COAST
Nov,07,2021,Day,141,DUCHY
Nov,08,2021,Day,142,GROIN
Nov,09,2021,Day,143,FIXER
Nov,10,2021,Day,144,GROUP
Nov,11,2021,Day,145,ROGUE
Nov,12,2021,Day,146,BADLY
Nov,13,2021,Day,147,SMART
Nov,14,2021,Day,148,PITHY
Nov,15,2021,Day,149,GAUDY
Nov,16,2021,Day,150,CHILL
Nov,17,2021,Day,151,HERON
Nov,18,2021,Day,152,VODKA
Nov,19,2021,Day,153,FINER
Nov,20,2021,Day,154,SURER
Nov,21,2021,Day,155,RADIO
Nov,22,2021,Day,156,ROUGE
Nov,23,2021,Day,157,PERCH
Nov,24,2021,Day,158,RETCH
Nov,25,2021,Day,159,WROTE
Nov,26,2021,Day,160,CLOCK
Nov,27,2021,Day,161,TILDE
Nov,28,2021,Day,162,STORE
Nov,29,2021,Day,163,PROVE
Nov,30,2021,Day,164,BRING
Dec,01,2021,Day,165,SOLVE
Dec,02,2021,Day,166,CHEAT
Dec,03,2021,Day,167,GRIME
Dec,04,2021,Day,168,EXULT
Dec,05,2021,Day,169,USHER
Dec,06,2021,Day,170,EPOCH
Dec,07,2021,Day,171,TRIAD
Dec,08,2021,Day,172,BREAK
Dec,09,2021,Day,173,RHINO
Dec,10,2021,Day,174,VIRAL
Dec,11,2021,Day,175,CONIC
Dec,12,2021,Day,176,MASSE
Dec,13,2021,Day,177,SONIC
Dec,14,2021,Day,178,VITAL
Dec,15,2021,Day,179,TRACE
Dec,16,2021,Day,180,USING
Dec,17,2021,Day,181,PEACH
Dec,18,2021,Day,182,CHAMP
Dec,19,2021,Day,183,BATON
Dec,20,2021,Day,184,BRAKE
Dec,21,2021,Day,185,PLUCK
Dec,22,2021,Day,186,CRAZE
Dec,23,2021,Day,187,GRIPE
Dec,24,2021,Day,188,WEARY
Dec,25,2021,Day,189,PICKY
Dec,26,2021,Day,190,ACUTE
Dec,27,2021,Day,191,FERRY
Dec,28,2021,Day,192,ASIDE
Dec,29,2021,Day,193,TAPIR
Dec,30,2021,Day,194,TROLL
Dec,31,2021,Day,195,UNIFY
Jan,01,2022,Day,196,REBUS
Jan,02,2022,Day,197,BOOST
Jan,03,2022,Day,198,TRUSS
Jan,04,2022,Day,199,SIEGE
Jan,05,2022,Day,200,TIGER
Jan,06,2022,Day,201,BANAL
Jan,07,2022,Day,202,SLUMP
Jan,08,2022,Day,203,CRANK
Jan,09,2022,Day,204,GORGE
Jan,10,2022,Day,205,QUERY
Jan,11,2022,Day,206,DRINK
Jan,12,2022,Day,207,FAVOR
Jan,13,2022,Day,208,ABBEY
Jan,14,2022,Day,209,TANGY
Jan,15,2022,Day,210,PANIC
Jan,16,2022,Day,211,SOLAR
Jan,17,2022,Day,212,SHIRE
Jan,18,2022,Day,213,PROXY
Jan,19,2022,Day,214,POINT
Jan,20,2022,Day,215,ROBOT
Jan,21,2022,Day,216,PRICK
Jan,22,2022,Day,217,WINCE
Jan,23,2022,Day,218,CRIMP
Jan,24,2022,Day,219,KNOLL
Jan,25,2022,Day,220,SUGAR
Jan,26,2022,Day,221,WHACK
Jan,27,2022,Day,222,MOUNT
Jan,28,2022,Day,223,PERKY
Jan,29,2022,Day,224,COULD
Jan,30,2022,Day,225,WRUNG
Jan,31,2022,Day,226,LIGHT
Feb,01,2022,Day,227,THOSE
Feb,02,2022,Day,228,MOIST
Feb,03,2022,Day,229,SHARD
Feb,04,2022,Day,230,PLEAT
Feb,05,2022,Day,231,ALOFT
Feb,06,2022,Day,232,SKILL
Feb,07,2022,Day,233,ELDER
Feb,08,2022,Day,234,FRAME
Feb,09,2022,Day,235,HUMOR
Feb,10,2022,Day,236,PAUSE
Feb,11,2022,Day,237,ULCER
Feb,12,2022,Day,238,ULTRA
Feb,13,2022,Day,239,ROBIN
Feb,14,2022,Day,240,CYNIC
Feb,15,2022,Day,241,AGORA
Feb,16,2022,Day,242,AROMA
Feb,17,2022,Day,243,CAULK
Feb,18,2022,Day,244,SHAKE
Feb,19,2022,Day,245,PUPAL
Feb,20,2022,Day,246,DODGE
Feb,21,2022,Day,247,SWILL
Feb,22,2022,Day,248,TACIT
Feb,23,2022,Day,249,OTHER
Feb,24,2022,Day,250,THORN
Feb,25,2022,Day,251,TROVE
Feb,26,2022,Day,252,BLOKE
Feb,27,2022,Day,253,VIVID
Feb,28,2022,Day,254,SPILL
Mar,01,2022,Day,255,CHANT
Mar,02,2022,Day,256,CHOKE
Mar,03,2022,Day,257,RUPEE
Mar,04,2022,Day,258,NASTY
Mar,05,2022,Day,259,MOURN
Mar,06,2022,Day,260,AHEAD
Mar,07,2022,Day,261,BRINE
Mar,08,2022,Day,262,CLOTH
Mar,09,2022,Day,263,HOARD
Mar,10,2022,Day,264,SWEET
Mar,11,2022,Day,265,MONTH
Mar,12,2022,Day,266,LAPSE
Mar,13,2022,Day,267,WATCH
Mar,14,2022,Day,268,TODAY
Mar,15,2022,Day,269,FOCUS
Mar,16,2022,Day,270,SMELT
Mar,17,2022,Day,271,TEASE
Mar,18,2022,Day,272,CATER
Mar,19,2022,Day,273,MOVIE
Mar,20,2022,Day,274,LYNCH
Mar,21,2022,Day,275,SAUTE
Mar,22,2022,Day,276,ALLOW
Mar,23,2022,Day,277,RENEW
Mar,24,2022,Day,278,THEIR
Mar,25,2022,Day,279,SLOSH
Mar,26,2022,Day,280,PURGE
Mar,27,2022,Day,281,CHEST
Mar,28,2022,Day,282,DEPOT
Mar,29,2022,Day,283,EPOXY
Mar,30,2022,Day,284,NYMPH
Mar,31,2022,Day,285,FOUND
Apr,01,2022,Day,286,SHALL
Apr,02,2022,Day,287,HARRY
Apr,03,2022,Day,288,STOVE
Apr,04,2022,Day,289,LOWLY
Apr,05,2022,Day,290,SNOUT
Apr,06,2022,Day,291,TROPE
Apr,07,2022,Day,292,FEWER
Apr,08,2022,Day,293,SHAWL
Apr,09,2022,Day,294,NATAL
Apr,10,2022,Day,295,FIBRE
Apr,11,2022,Day,296,COMMA
Apr,12,2022,Day,297,FORAY
Apr,13,2022,Day,298,SCARE
Apr,14,2022,Day,299,STAIR
Apr,15,2022,Day,300,BLACK
Apr,16,2022,Day,301,SQUAD
Apr,17,2022,Day,302,ROYAL
Apr,18,2022,Day,303,CHUNK
Apr,19,2022,Day,304,MINCE
Apr,20,2022,Day,305,SLAVE
Apr,21,2022,Day,306,SHAME
Apr,22,2022,Day,307,CHEEK
Apr,23,2022,Day,308,AMPLE
Apr,24,2022,Day,309,FLAIR
Apr,25,2022,Day,310,FOYER
Apr,26,2022,Day,311,CARGO
Apr,27,2022,Day,312,OXIDE
Apr,28,2022,Day,313,PLANT
Apr,29,2022,Day,314,OLIVE
Apr,30,2022,Day,315,INERT
May,01,2022,Day,316,ASKEW
May,02,2022,Day,317,HEIST
May,03,2022,Day,318,SHOWN
May,04,2022,Day,319,ZESTY
May,05,2022,Day,320,HASTY
May,06,2022,Day,321,TRASH
May,07,2022,Day,322,FELLA
May,08,2022,Day,323,LARVA
May,09,2022,Day,324,FORGO
May,10,2022,Day,325,STORY
May,11,2022,Day,326,HAIRY
May,12,2022,Day,327,TRAIN
May,13,2022,Day,328,HOMER
May,14,2022,Day,329,BADGE
May,15,2022,Day,330,MIDST
May,16,2022,Day,331,CANNY
May,17,2022,Day,332,FETUS
May,18,2022,Day,333,BUTCH
May,19,2022,Day,334,FARCE
May,20,2022,Day,335,SLUNG
May,21,2022,Day,336,TIPSY
May,22,2022,Day,337,METAL
May,23,2022,Day,338,YIELD
May,24,2022,Day,339,DELVE
May,25,2022,Day,340,BEING
May,26,2022,Day,341,SCOUR
May,27,2022,Day,342,GLASS
May,28,2022,Day,343,GAMER
May,29,2022,Day,344,SCRAP
May,30,2022,Day,345,MONEY
May,31,2022,Day,346,HINGE
Jun,01,2022,Day,347,ALBUM
Jun,02,2022,Day,348,VOUCH
Jun,03,2022,Day,349,ASSET
Jun,04,2022,Day,350,TIARA
Jun,05,2022,Day,351,CREPT
Jun,06,2022,Day,352,BAYOU
Jun,07,2022,Day,353,ATOLL
Jun,08,2022,Day,354,MANOR
Jun,09,2022,Day,355,CREAK
Jun,10,2022,Day,356,SHOWY
Jun,11,2022,Day,357,PHASE
Jun,12,2022,Day,358,FROTH
Jun,13,2022,Day,359,DEPTH
Jun,14,2022,Day,360,GLOOM
Jun,15,2022,Day,361,FLOOD
Jun,16,2022,Day,362,TRAIT
Jun,17,2022,Day,363,GIRTH
Jun,18,2022,Day,364,PIETY
Jun,19,2022,Day,365,PAYER
Jun,20,2022,Day,366,GOOSE
Jun,21,2022,Day,367,FLOAT
Jun,22,2022,Day,368,DONOR
Jun,23,2022,Day,369,ATONE
Jun,24,2022,Day,370,PRIMO
Jun,25,2022,Day,371,APRON
Jun,26,2022,Day,372,BLOWN
Jun,27,2022,Day,373,CACAO
Jun,28,2022,Day,374,LOSER
Jun,29,2022,Day,375,INPUT
Jun,30,2022,Day,376,GLOAT
Jul,01,2022,Day,377,AWFUL
Jul,02,2022,Day,378,BRINK
Jul,03,2022,Day,379,SMITE
Jul,04,2022,Day,380,BEADY
Jul,05,2022,Day,381,RUSTY
Jul,06,2022,Day,382,RETRO
Jul,07,2022,Day,383,DROLL
Jul,08,2022,Day,384,GAWKY
Jul,09,2022,Day,385,HUTCH
Jul,10,2022,Day,386,PINTO
Jul,11,2022,Day,387,GAILY
Jul,12,2022,Day,388,EGRET
Jul,13,2022,Day,389,LILAC
Jul,14,2022,Day,390,SEVER
Jul,15,2022,Day,391,FIELD
Jul,16,2022,Day,392,FLUFF
Jul,17,2022,Day,393,HYDRO
Jul,18,2022,Day,394,FLACK
Jul,19,2022,Day,395,AGAPE
Jul,20,2022,Day,396,WENCH
Jul,21,2022,Day,397,VOICE
Jul,22,2022,Day,398,STEAD
Jul,23,2022,Day,399,STALK
Jul,24,2022,Day,400,BERTH
Jul,25,2022,Day,401,MADAM
Jul,26,2022,Day,402,NIGHT
Jul,27,2022,Day,403,BLAND
Jul,28,2022,Day,404,LIVER
Jul,29,2022,Day,405,WEDGE
Jul,30,2022,Day,406,AUGUR
Jul,31,2022,Day,407,ROOMY
Aug,01,2022,Day,408,WACKY
Aug,02,2022,Day,409,FLOCK
Aug,03,2022,Day,410,ANGRY
Aug,04,2022,Day,411,BOBBY
Aug,05,2022,Day,412,TRITE
Aug,06,2022,Day,413,APHID
Aug,07,2022,Day,414,TRYST
Aug,08,2022,Day,415,MIDGE
Aug,09,2022,Day,416,POWER
Aug,10,2022,Day,417,ELOPE
Aug,11,2022,Day,418,CINCH
Aug,12,2022,Day,419,MOTTO
Aug,13,2022,Day,420,STOMP
Aug,14,2022,Day,421,UPSET
Aug,15,2022,Day,422,BLUFF
Aug,16,2022,Day,423,CRAMP
Aug,17,2022,Day,424,QUART
Aug,18,2022,Day,425,COYLY
Aug,19,2022,Day,426,YOUTH
Aug,20,2022,Day,427,RHYME
Aug,21,2022,Day,428,BUGGY
Aug,22,2022,Day,429,ALIEN
Aug,23,2022,Day,430,SMEAR
Aug,24,2022,Day,431,UNFIT
Aug,25,2022,Day,432,PATTY
Aug,26,2022,Day,433,CLING
Aug,27,2022,Day,434,GLEAN
Aug,28,2022,Day,435,LABEL
Aug,29,2022,Day,436,HUNKY
Aug,30,2022,Day,437,KHAKI
Aug,31,2022,Day,438,POKER
Sep,01,2022,Day,439,GRUEL
Sep,02,2022,Day,440,TWICE
Sep,03,2022,Day,441,TWANG
Sep,04,2022,Day,442,SHRUG
Sep,05,2022,Day,443,TREAT
Sep,06,2022,Day,444,UNLIT
Sep,07,2022,Day,445,WASTE
Sep,08,2022,Day,446,MERIT
Sep,09,2022,Day,447,WOVEN
Sep,10,2022,Day,448,OCTAL
Sep,11,2022,Day,449,NEEDY
Sep,12,2022,Day,450,CLOWN
Sep,13,2022,Day,451,WIDOW
Sep,14,2022,Day,452,IRONY
Sep,15,2022,Day,453,RUDER
Sep,16,2022,Day,454,GAUZE
Sep,17,2022,Day,455,CHIEF
Sep,18,2022,Day,456,ONSET
Sep,19,2022,Day,457,PRIZE
Sep,20,2022,Day,458,FUNGI
Sep,21,2022,Day,459,CHARM
Sep,22,2022,Day,460,GULLY
Sep,23,2022,Day,461,INTER
Sep,24,2022,Day,462,WHOOP
Sep,25,2022,Day,463,TAUNT
Sep,26,2022,Day,464,LEERY
Sep,27,2022,Day,465,CLASS
Sep,28,2022,Day,466,THEME
Sep,29,2022,Day,467,LOFTY
Sep,30,2022,Day,468,TIBIA
Oct,01,2022,Day,469,BOOZE
Oct,02,2022,Day,470,ALPHA
Oct,03,2022,Day,471,THYME
Oct,04,2022,Day,472,ECLAT
Oct,05,2022,Day,473,DOUBT
Oct,06,2022,Day,474,PARER
Oct,07,2022,Day,475,CHUTE
Oct,08,2022,Day,476,STICK
Oct,09,2022,Day,477,TRICE
Oct,10,2022,Day,478,ALIKE
Oct,11,2022,Day,479,SOOTH
Oct,12,2022,Day,480,RECAP
Oct,13,2022,Day,481,SAINT
Oct,14,2022,Day,482,LIEGE
Oct,15,2022,Day,483,GLORY
Oct,16,2022,Day,484,GRATE
Oct,17,2022,Day,485,ADMIT
Oct,18,2022,Day,486,BRISK
Oct,19,2022,Day,487,SOGGY
Oct,20,2022,Day,488,USURP
Oct,21,2022,Day,489,SCALD
Oct,22,2022,Day,490,SCORN
Oct,23,2022,Day,491,LEAVE
Oct,24,2022,Day,492,TWINE
Oct,25,2022,Day,493,STING
Oct,26,2022,Day,494,BOUGH
Oct,27,2022,Day,495,MARSH
Oct,28,2022,Day,496,SLOTH
Oct,29,2022,Day,497,DANDY
Oct,30,2022,Day,498,VIGOR
Oct,31,2022,Day,499,HOWDY
Nov,01,2022,Day,500,ENJOY
Nov,02,2022,Day,501,VALID
Nov,03,2022,Day,502,IONIC
Nov,04,2022,Day,503,EQUAL
Nov,05,2022,Day,504,UNSET
Nov,06,2022,Day,505,FLOOR
Nov,07,2022,Day,506,CATCH
Nov,08,2022,Day,507,SPADE
Nov,09,2022,Day,508,STEIN
Nov,10,2022,Day,509,EXIST
Nov,11,2022,Day,510,QUIRK
Nov,12,2022,Day,511,DENIM
Nov,13,2022,Day,512,GROVE
Nov,14,2022,Day,513,SPIEL
Nov,15,2022,Day,514,MUMMY
Nov,16,2022,Day,515,FAULT
Nov,17,2022,Day,516,FOGGY
Nov,18,2022,Day,517,FLOUT
Nov,19,2022,Day,518,CARRY
Nov,20,2022,Day,519,SNEAK
Nov,21,2022,Day,520,LIBEL
Nov,22,2022,Day,521,WALTZ
Nov,23,2022,Day,522,APTLY
Nov,24,2022,Day,523,PINEY
Nov,25,2022,Day,524,INEPT
Nov,26,2022,Day,525,ALOUD
Nov,27,2022,Day,526,PHOTO
Nov,28,2022,Day,527,DREAM
Nov,29,2022,Day,528,STALE
Nov,30,2022,Day,529,VOMIT
Dec,01,2022,Day,530,OMBRE
Dec,02,2022,Day,531,FANNY
Dec,03,2022,Day,532,UNITE
Dec,04,2022,Day,533,SNARL
Dec,05,2022,Day,534,BAKER
Dec,06,2022,Day,535,THERE
Dec,07,2022,Day,536,GLYPH
Dec,08,2022,Day,537,POOCH
Dec,09,2022,Day,538,HIPPY
Dec,10,2022,Day,539,SPELL
Dec,11,2022,Day,540,FOLLY
Dec,12,2022,Day,541,LOUSE
Dec,13,2022,Day,542,GULCH
Dec,14,2022,Day,543,VAULT
Dec,15,2022,Day,544,GODLY
Dec,16,2022,Day,545,THREW
Dec,17,2022,Day,546,FLEET
Dec,18,2022,Day,547,GRAVE
Dec,19,2022,Day,548,INANE
Dec,20,2022,Day,549,SHOCK
Dec,21,2022,Day,550,CRAVE
Dec,22,2022,Day,551,SPITE
Dec,23,2022,Day,552,VALVE
Dec,24,2022,Day,553,SKIMP
Dec,25,2022,Day,554,CLAIM
Dec,26,2022,Day,555,RAINY
Dec,27,2022,Day,556,MUSTY
Dec,28,2022,Day,557,PIQUE
Dec,29,2022,Day,558,DADDY
Dec,30,2022,Day,559,QUASI
Dec,31,2022,Day,560,ARISE
Dec,32,2022,Day,560,DONT
Dec,33,2022,Day,560,REPOST
Jan,01,2023,Day,561,AGING
Jan,02,2023,Day,562,VALET
Jan,03,2023,Day,563,OPIUM
Jan,04,2023,Day,564,AVERT
Jan,05,2023,Day,565,STUCK
Jan,06,2023,Day,566,RECUT
Jan,07,2023,Day,567,MULCH
Jan,08,2023,Day,568,GENRE
Jan,09,2023,Day,569,PLUME
Jan,10,2023,Day,570,RIFLE
Jan,11,2023,Day,571,COUNT
Jan,12,2023,Day,572,INCUR
Jan,13,2023,Day,573,TOTAL
Jan,14,2023,Day,574,WREST
Jan,15,2023,Day,575,MOCHA
Jan,16,2023,Day,576,DETER
Jan,17,2023,Day,577,STUDY
Jan,18,2023,Day,578,LOVER
Jan,19,2023,Day,579,SAFER
Jan,20,2023,Day,580,RIVET
Jan,21,2023,Day,581,FUNNY
Jan,22,2023,Day,582,SMOKE
Jan,23,2023,Day,583,MOUND
Jan,24,2023,Day,584,UNDUE
Jan,25,2023,Day,585,SEDAN
Jan,26,2023,Day,586,PAGAN
Jan,27,2023,Day,587,SWINE
Jan,28,2023,Day,588,GUILE
Jan,29,2023,Day,589,GUSTY
Jan,30,2023,Day,590,EQUIP
Jan,31,2023,Day,591,TOUGH
Feb,01,2023,Day,592,CANOE
Feb,02,2023,Day,593,CHAOS
Feb,03,2023,Day,594,COVET
Feb,04,2023,Day,595,HUMAN
Feb,05,2023,Day,596,UDDER
Feb,06,2023,Day,597,LUNCH
Feb,07,2023,Day,598,BLAST
Feb,08,2023,Day,599,STRAY
Feb,09,2023,Day,600,MANGA
Feb,10,2023,Day,601,MELEE
Feb,11,2023,Day,602,LEFTY
Feb,12,2023,Day,603,QUICK
Feb,13,2023,Day,604,PASTE
Feb,14,2023,Day,605,GIVEN
Feb,15,2023,Day,606,OCTET
Feb,16,2023,Day,607,RISEN
Feb,17,2023,Day,608,GROAN
Feb,18,2023,Day,609,LEAKY
Feb,19,2023,Day,610,GRIND
Feb,20,2023,Day,611,CARVE
Feb,21,2023,Day,612,LOOSE
Feb,22,2023,Day,613,SADLY
Feb,23,2023,Day,614,SPILT
Feb,24,2023,Day,615,APPLE
Feb,25,2023,Day,616,SLACK
Feb,26,2023,Day,617,HONEY
Feb,27,2023,Day,618,FINAL
Feb,28,2023,Day,619,SHEEN
Mar,01,2023,Day,620,EERIE
Mar,02,2023,Day,621,MINTY
Mar,03,2023,Day,622,SLICK
Mar,04,2023,Day,623,DERBY
Mar,05,2023,Day,624,WHARF
Mar,06,2023,Day,625,SPELT
Mar,07,2023,Day,626,COACH
Mar,08,2023,Day,627,ERUPT
Mar,09,2023,Day,628,SINGE
Mar,10,2023,Day,629,PRICE
Mar,11,2023,Day,630,SPAWN
Mar,12,2023,Day,631,FAIRY
Mar,13,2023,Day,632,JIFFY
Mar,14,2023,Day,633,FILMY
Mar,15,2023,Day,634,STACK
Mar,16,2023,Day,635,CHOSE
Mar,17,2023,Day,636,SLEEP
Mar,18,2023,Day,637,ARDOR
Mar,19,2023,Day,638,NANNY
Mar,20,2023,Day,639,NIECE
Mar,21,2023,Day,640,WOOZY
Mar,22,2023,Day,641,HANDY
Mar,23,2023,Day,642,GRACE
Mar,24,2023,Day,643,DITTO
Mar,25,2023,Day,644,STANK
Mar,26,2023,Day,645,CREAM
Mar,27,2023,Day,646,USUAL
Mar,28,2023,Day,647,DIODE
Mar,29,2023,Day,648,VALOR
Mar,30,2023,Day,649,ANGLE
Mar,31,2023,Day,650,NINJA
Apr,01,2023,Day,651,MUDDY
Apr,02,2023,Day,652,CHASE
Apr,03,2023,Day,653,REPLY
Apr,04,2023,Day,654,PRONE
Apr,05,2023,Day,655,SPOIL
Apr,06,2023,Day,656,HEART
Apr,07,2023,Day,657,SHADE
Apr,08,2023,Day,658,DINER
Apr,09,2023,Day,659,ARSON
Apr,10,2023,Day,660,ONION
Apr,11,2023,Day,661,SLEET
Apr,12,2023,Day,662,DOWEL
Apr,13,2023,Day,663,COUCH
Apr,14,2023,Day,664,PALSY
Apr,15,2023,Day,665,BOWEL
Apr,16,2023,Day,666,SMILE
Apr,17,2023,Day,667,EVOKE
Apr,18,2023,Day,668,CREEK
Apr,19,2023,Day,669,LANCE
Apr,20,2023,Day,670,EAGLE
Apr,21,2023,Day,671,IDIOT
Apr,22,2023,Day,672,SIREN
Apr,23,2023,Day,673,BUILT
Apr,24,2023,Day,674,EMBED
Apr,25,2023,Day,675,AWARD
Apr,26,2023,Day,676,DROSS
Apr,27,2023,Day,677,ANNUL
Apr,28,2023,Day,678,GOODY
Apr,29,2023,Day,679,FROWN
Apr,30,2023,Day,680,PATIO
May,01,2023,Day,681,LADEN
May,02,2023,Day,682,HUMID
May,03,2023,Day,683,ELITE
May,04,2023,Day,684,LYMPH
May,05,2023,Day,685,EDIFY
May,06,2023,Day,686,MIGHT
May,07,2023,Day,687,RESET
May,08,2023,Day,688,VISIT
May,09,2023,Day,689,GUSTO
May,10,2023,Day,690,PURSE
May,11,2023,Day,691,VAPOR
May,12,2023,Day,692,CROCK
May,13,2023,Day,693,WRITE
May,14,2023,Day,694,SUNNY
May,15,2023,Day,695,LOATH
May,16,2023,Day,696,CHAFF
May,17,2023,Day,697,SLIDE
May,18,2023,Day,698,QUEER
May,19,2023,Day,699,VENOM
May,20,2023,Day,700,STAMP
May,21,2023,Day,701,SORRY
May,22,2023,Day,702,STILL
May,23,2023,Day,703,ACORN
May,24,2023,Day,704,APING
May,25,2023,Day,705,PUSHY
May,26,2023,Day,706,TAMER
May,27,2023,Day,707,HATER
May,28,2023,Day,708,MANIA
May,29,2023,Day,709,AWOKE
May,30,2023,Day,710,BRAWN
May,31,2023,Day,711,SWIFT
Jun,01,2023,Day,712,EXILE
Jun,02,2023,Day,713,BIRCH
Jun,03,2023,Day,714,LUCKY
Jun,04,2023,Day,715,FREER
Jun,05,2023,Day,716,RISKY
Jun,06,2023,Day,717,GHOST
Jun,07,2023,Day,718,PLIER
Jun,08,2023,Day,719,LUNAR
Jun,09,2023,Day,720,WINCH
Jun,10,2023,Day,721,SNARE
Jun,11,2023,Day,722,NURSE
Jun,12,2023,Day,723,HOUSE
Jun,13,2023,Day,724,BORAX
Jun,14,2023,Day,725,NICER
Jun,15,2023,Day,726,LURCH
Jun,16,2023,Day,727,EXALT
Jun,17,2023,Day,728,ABOUT
Jun,18,2023,Day,729,SAVVY
Jun,19,2023,Day,730,TOXIN
Jun,20,2023,Day,731,TUNIC
Jun,21,2023,Day,732,PRIED
Jun,22,2023,Day,733,INLAY
Jun,23,2023,Day,734,CHUMP
Jun,24,2023,Day,735,LANKY
Jun,25,2023,Day,736,CRESS
Jun,26,2023,Day,737,EATER
Jun,27,2023,Day,738,ELUDE
Jun,28,2023,Day,739,CYCLE
Jun,29,2023,Day,740,KITTY
Jun,30,2023,Day,741,BOULE
Jul,01,2023,Day,742,MORON
Jul,02,2023,Day,743,TENET
Jul,03,2023,Day,744,PLACE
Jul,04,2023,Day,745,LOBBY
Jul,05,2023,Day,746,PLUSH
Jul,06,2023,Day,747,VIGIL
Jul,07,2023,Day,748,INDEX
Jul,08,2023,Day,749,BLINK
Jul,09,2023,Day,750,CLUNG
Jul,10,2023,Day,751,QUALM
Jul,11,2023,Day,752,CROUP
Jul,12,2023,Day,753,CLINK
Jul,13,2023,Day,754,JUICY
Jul,14,2023,Day,755,STAGE
Jul,15,2023,Day,756,DECAY
Jul,16,2023,Day,757,NERVE
Jul,17,2023,Day,758,FLIER
Jul,18,2023,Day,759,SHAFT
Jul,19,2023,Day,760,CROOK
Jul,20,2023,Day,761,CLEAN
Jul,21,2023,Day,762,CHINA
Jul,22,2023,Day,763,RIDGE
Jul,23,2023,Day,764,VOWEL
Jul,24,2023,Day,765,GNOME
Jul,25,2023,Day,766,SNUCK
Jul,26,2023,Day,767,ICING
Jul,27,2023,Day,768,SPINY
Jul,28,2023,Day,769,RIGOR
Jul,29,2023,Day,770,SNAIL
Jul,30,2023,Day,771,FLOWN
Jul,31,2023,Day,772,RABID
Aug,01,2023,Day,773,PROSE
Aug,02,2023,Day,774,THANK
Aug,03,2023,Day,775,POPPY
Aug,04,2023,Day,776,BUDGE
Aug,05,2023,Day,777,FIBER
Aug,06,2023,Day,778,MOLDY
Aug,07,2023,Day,779,DOWDY
Aug,08,2023,Day,780,KNEEL
Aug,09,2023,Day,781,TRACK
Aug,10,2023,Day,782,CADDY
Aug,11,2023,Day,783,QUELL
Aug,12,2023,Day,784,DUMPY
Aug,13,2023,Day,785,PALER
Aug,14,2023,Day,786,SWORE
Aug,15,2023,Day,787,REBAR
Aug,16,2023,Day,788,SCUBA
Aug,17,2023,Day,789,SPLAT
Aug,18,2023,Day,790,FLYER
Aug,19,2023,Day,791,HORNY
Aug,20,2023,Day,792,MASON
Aug,21,2023,Day,793,DOING
Aug,22,2023,Day,794,OZONE
Aug,23,2023,Day,795,AMPLY
Aug,24,2023,Day,796,MOLAR
Aug,25,2023,Day,797,OVARY
Aug,26,2023,Day,798,BESET
Aug,27,2023,Day,799,QUEUE
Aug,28,2023,Day,800,CLIFF
Aug,29,2023,Day,801,MAGIC
Aug,30,2023,Day,802,TRUCE
Aug,31,2023,Day,803,SPORT
Sep,01,2023,Day,804,FRITZ
Sep,02,2023,Day,805,EDICT
Sep,03,2023,Day,806,TWIRL
Sep,04,2023,Day,807,VERSE
Sep,05,2023,Day,808,LLAMA
Sep,06,2023,Day,809,EATEN
Sep,07,2023,Day,810,RANGE
Sep,08,2023,Day,811,WHISK
Sep,09,2023,Day,812,HOVEL
Sep,10,2023,Day,813,REHAB
Sep,11,2023,Day,814,MACAW
Sep,12,2023,Day,815,SIGMA
Sep,13,2023,Day,816,SPOUT
Sep,14,2023,Day,817,VERVE
Sep,15,2023,Day,818,SUSHI
Sep,16,2023,Day,819,DYING
Sep,17,2023,Day,820,FETID
Sep,18,2023,Day,821,BRAIN
Sep,19,2023,Day,822,BUDDY
Sep,20,2023,Day,823,THUMP
Sep,21,2023,Day,824,SCION
Sep,22,2023,Day,825,CANDY
Sep,23,2023,Day,826,CHORD
Sep,24,2023,Day,827,BASIN
Sep,25,2023,Day,828,MARCH
Sep,26,2023,Day,829,CROWD
Sep,27,2023,Day,830,ARBOR
Sep,28,2023,Day,831,GAYLY
Sep,29,2023,Day,832,MUSKY
Sep,30,2023,Day,833,STAIN
Oct,01,2023,Day,834,DALLY
Oct,02,2023,Day,835,BLESS
Oct,03,2023,Day,836,BRAVO
Oct,04,2023,Day,837,STUNG
Oct,05,2023,Day,838,TITLE
Oct,06,2023,Day,839,RULER
Oct,07,2023,Day,840,KIOSK
Oct,08,2023,Day,841,BLOND
Oct,09,2023,Day,842,ENNUI
Oct,10,2023,Day,843,LAYER
Oct,11,2023,Day,844,FLUID
Oct,12,2023,Day,845,TATTY
Oct,13,2023,Day,846,SCORE
Oct,14,2023,Day,847,CUTIE
Oct,15,2023,Day,848,ZEBRA
Oct,16,2023,Day,849,BARGE
Oct,17,2023,Day,850,MATEY
Oct,18,2023,Day,851,BLUER
Oct,19,2023,Day,852,AIDER
Oct,20,2023,Day,853,SHOOK
Oct,21,2023,Day,854,RIVER
Oct,22,2023,Day,855,PRIVY
Oct,23,2023,Day,856,BETEL
Oct,24,2023,Day,857,FRISK
Oct,25,2023,Day,858,BONGO
Oct,26,2023,Day,859,BEGUN
Oct,27,2023,Day,860,AZURE
Oct,28,2023,Day,861,WEAVE
Oct,29,2023,Day,862,GENIE
Oct,30,2023,Day,863,SOUND
Oct,31,2023,Day,864,GLOVE
Nov,01,2023,Day,865,BRAID
Nov,02,2023,Day,866,SCOPE
Nov,03,2023,Day,867,WRYLY
Nov,04,2023,Day,868,ROVER
Nov,05,2023,Day,869,ASSAY
Nov,06,2023,Day,870,OCEAN
Nov,07,2023,Day,871,BLOOM
Nov,08,2023,Day,872,IRATE
Nov,09,2023,Day,873,LATER
Nov,10,2023,Day,874,WOKEN
Nov,11,2023,Day,875,SILKY
Nov,12,2023,Day,876,WRECK
Nov,13,2023,Day,877,DWELT
Nov,14,2023,Day,878,SLATE
Nov,15,2023,Day,879,SMACK
Nov,16,2023,Day,880,SOLID
Nov,17,2023,Day,881,AMAZE
Nov,18,2023,Day,882,HAZEL
Nov,19,2023,Day,883,WRIST
Nov,20,2023,Day,884,JOLLY
Nov,21,2023,Day,885,GLOBE
Nov,22,2023,Day,886,FLINT
Nov,23,2023,Day,887,ROUSE
Nov,24,2023,Day,888,CIVIL
Nov,25,2023,Day,889,VISTA
Nov,26,2023,Day,890,RELAX
Nov,27,2023,Day,891,COVER
Nov,28,2023,Day,892,ALIVE
Nov,29,2023,Day,893,BEECH
Nov,30,2023,Day,894,JETTY
Dec,01,2023,Day,895,BLISS
Dec,02,2023,Day,896,VOCAL
Dec,03,2023,Day,897,OFTEN
Dec,04,2023,Day,898,DOLLY
Dec,05,2023,Day,899,EIGHT
Dec,06,2023,Day,900,JOKER
Dec,07,2023,Day,901,SINCE
Dec,08,2023,Day,902,EVENT
Dec,09,2023,Day,903,ENSUE
Dec,10,2023,Day,904,SHUNT
Dec,11,2023,Day,905,DIVER
Dec,12,2023,Day,906,POSER
Dec,13,2023,Day,907,WORST
Dec,14,2023,Day,908,SWEEP
Dec,15,2023,Day,909,ALLEY
Dec,16,2023,Day,910,CREED
Dec,17,2023,Day,911,ANIME
Dec,18,2023,Day,912,LEAFY
Dec,19,2023,Day,913,BOSOM
Dec,20,2023,Day,914,DUNCE
Dec,21,2023,Day,915,STARE
Dec,22,2023,Day,916,PUDGY
Dec,23,2023,Day,917,WAIVE
Dec,24,2023,Day,918,CHOIR
Dec,25,2023,Day,919,STOOD
Dec,26,2023,Day,920,SPOKE
Dec,27,2023,Day,921,OUTGO
Dec,28,2023,Day,922,DELAY
Dec,29,2023,Day,923,BILGE
Dec,30,2023,Day,924,IDEAL
Dec,31,2023,Day,925,CLASP
Jan,01,2024,Day,926,SEIZE
Jan,02,2024,Day,927,HOTLY
Jan,03,2024,Day,928,LAUGH
Jan,04,2024,Day,929,SIEVE
Jan,05,2024,Day,930,BLOCK
Jan,06,2024,Day,931,MEANT
Jan,07,2024,Day,932,GRAPE
Jan,08,2024,Day,933,NOOSE
Jan,09,2024,Day,934,HARDY
Jan,10,2024,Day,935,SHIED
Jan,11,2024,Day,936,DRAWL
Jan,12,2024,Day,937,DAISY
Jan,13,2024,Day,938,PUTTY
Jan,14,2024,Day,939,STRUT
Jan,15,2024,Day,940,BURNT
Jan,16,2024,Day,941,TULIP
Jan,17,2024,Day,942,CRICK
Jan,18,2024,Day,943,IDYLL
Jan,19,2024,Day,944,VIXEN
Jan,20,2024,Day,945,FUROR
Jan,21,2024,Day,946,GEEKY
Jan,22,2024,Day,947,COUGH
Jan,23,2024,Day,948,NAIVE
Jan,24,2024,Day,949,SHOAL
Jan,25,2024,Day,950,STORK
Jan,26,2024,Day,951,BATHE
Jan,27,2024,Day,952,AUNTY
Jan,28,2024,Day,953,CHECK
Jan,29,2024,Day,954,PRIME
Jan,30,2024,Day,955,BRASS
Jan,31,2024,Day,956,OUTER
Feb,01,2024,Day,957,FURRY
Feb,02,2024,Day,958,RAZOR
Feb,03,2024,Day,959,ELECT
Feb,04,2024,Day,960,EVICT
Feb,05,2024,Day,961,IMPLY
Feb,06,2024,Day,962,DEMUR
Feb,07,2024,Day,963,QUOTA
Feb,08,2024,Day,964,HAVEN
Feb,09,2024,Day,965,CAVIL
Feb,10,2024,Day,966,SWEAR
Feb,11,2024,Day,967,CRUMP
Feb,12,2024,Day,968,DOUGH
Feb,13,2024,Day,969,GAVEL
Feb,14,2024,Day,970,WAGON
Feb,15,2024,Day,971,SALON
Feb,16,2024,Day,972,NUDGE
Feb,17,2024,Day,973,HAREM
Feb,18,2024,Day,974,PITCH
Feb,19,2024,Day,975,SWORN
Feb,20,2024,Day,976,PUPIL
Feb,21,2024,Day,977,EXCEL
Feb,22,2024,Day,978,STONY
Feb,23,2024,Day,979,CABIN
Feb,24,2024,Day,980,UNZIP
Feb,25,2024,Day,981,QUEEN
Feb,26,2024,Day,982,TROUT
Feb,27,2024,Day,983,POLYP
Feb,28,2024,Day,984,EARTH
Feb,29,2024,Day,985,STORM
Mar,01,2024,Day,986,UNTIL
Mar,02,2024,Day,987,TAPER
Mar,03,2024,Day,988,ENTER
Mar,04,2024,Day,989,CHILD
Mar,05,2024,Day,990,ADOPT
Mar,06,2024,Day,991,MINOR
Mar,07,2024,Day,992,FATTY
Mar,08,2024,Day,993,HUSKY
Mar,09,2024,Day,994,BRAVE
Mar,10,2024,Day,995,FILET
Mar,11,2024,Day,996,SLIME
Mar,12,2024,Day,997,GLINT
Mar,13,2024,Day,998,TREAD
Mar,14,2024,Day,999,STEAL
Mar,15,2024,Day,1000,REGAL
Mar,16,2024,Day,1001,GUEST
Mar,17,2024,Day,1002,EVERY
Mar,18,2024,Day,1003,MURKY
Mar,19,2024,Day,1004,SHARE
Mar,20,2024,Day,1005,SPORE
Mar,21,2024,Day,1006,HOIST
Mar,22,2024,Day,1007,BUXOM
Mar,23,2024,Day,1008,INNER
Mar,24,2024,Day,1009,OTTER
Mar,25,2024,Day,1010,DIMLY
Mar,26,2024,Day,1011,LEVEL
Mar,27,2024,Day,1012,SUMAC
Mar,28,2024,Day,1013,DONUT
Mar,29,2024,Day,1014,STILT
Mar,30,2024,Day,1015,ARENA
Mar,31,2024,Day,1016,SHEET
Apr,01,2024,Day,1017,SCRUB
Apr,02,2024,Day,1018,FANCY
Apr,03,2024,Day,1019,SLIMY
Apr,04,2024,Day,1020,PEARL
Apr,05,2024,Day,1021,SILLY
Apr,06,2024,Day,1022,PORCH
Apr,07,2024,Day,1023,DINGO
Apr,08,2024,Day,1024,SEPIA
Apr,09,2024,Day,1025,AMBLE
Apr,10,2024,Day,1026,SHADY
Apr,11,2024,Day,1027,BREAD
Apr,12,2024,Day,1028,FRIAR
Apr,13,2024,Day,1029,REIGN
Apr,14,2024,Day,1030,DAIRY
Apr,15,2024,Day,1031,QUILL
Apr,16,2024,Day,1032,CROSS
Apr,17,2024,Day,1033,BROOD
Apr,18,2024,Day,1034,TUBER
Apr,19,2024,Day,1035,SHEAR
Apr,20,2024,Day,1036,POSIT
Apr,21,2024,Day,1037,BLANK
Apr,22,2024,Day,1038,VILLA
Apr,23,2024,Day,1039,SHANK
Apr,24,2024,Day,1040,PIGGY
Apr,25,2024,Day,1041,FREAK
Apr,26,2024,Day,1042,WHICH
Apr,27,2024,Day,1043,AMONG
Apr,28,2024,Day,1044,FECAL
Apr,29,2024,Day,1045,SHELL
Apr,30,2024,Day,1046,WOULD
May,01,2024,Day,1047,ALGAE
May,02,2024,Day,1048,LARGE
May,03,2024,Day,1049,RABBI
May,04,2024,Day,1050,AGONY
May,05,2024,Day,1051,AMUSE
May,06,2024,Day,1052,BUSHY
May,07,2024,Day,1053,COPSE
May,08,2024,Day,1054,SWOON
May,09,2024,Day,1055,KNIFE
May,10,2024,Day,1056,POUCH
May,11,2024,Day,1057,ASCOT
May,12,2024,Day,1058,PLANE
May,13,2024,Day,1059,CROWN
May,14,2024,Day,1060,URBAN
May,15,2024,Day,1061,SNIDE
May,16,2024,Day,1062,RELAY
May,17,2024,Day,1063,ABIDE
May,18,2024,Day,1064,VIOLA
May,19,2024,Day,1065,RAJAH
May,20,2024,Day,1066,STRAW
May,21,2024,Day,1067,DILLY
May,22,2024,Day,1068,CRASH
May,23,2024,Day,1069,AMASS
May,24,2024,Day,1070,THIRD
May,25,2024,Day,1071,TRICK
May,26,2024,Day,1072,TUTOR
May,27,2024,Day,1073,WOODY
May,28,2024,Day,1074,BLURB
May,29,2024,Day,1075,GRIEF
May,30,2024,Day,1076,DISCO
May,31,2024,Day,1077,WHERE
Jun,01,2024,Day,1078,SASSY
Jun,02,2024,Day,1079,BEACH
Jun,03,2024,Day,1080,SAUNA
Jun,04,2024,Day,1081,COMIC
Jun,05,2024,Day,1082,CLUED
Jun,06,2024,Day,1083,CREEP
Jun,07,2024,Day,1084,CASTE
Jun,08,2024,Day,1085,GRAZE
Jun,09,2024,Day,1086,SNUFF
Jun,10,2024,Day,1087,FROCK
Jun,11,2024,Day,1088,GONAD
Jun,12,2024,Day,1089,DRUNK
Jun,13,2024,Day,1090,PRONG
Jun,14,2024,Day,1091,LURID
Jun,15,2024,Day,1092,STEEL
Jun,16,2024,Day,1093,HALVE
Jun,17,2024,Day,1094,BUYER
Jun,18,2024,Day,1095,VINYL
Jun,19,2024,Day,1096,UTILE
Jun,20,2024,Day,1097,SMELL
Jun,21,2024,Day,1098,ADAGE
Jun,22,2024,Day,1099,WORRY
Jun,23,2024,Day,1100,TASTY
Jun,24,2024,Day,1101,LOCAL
Jun,25,2024,Day,1102,TRADE
Jun,26,2024,Day,1103,FINCH
Jun,27,2024,Day,1104,ASHEN
Jun,28,2024,Day,1105,MODAL
Jun,29,2024,Day,1106,GAUNT
Jun,30,2024,Day,1107,CLOVE
Jul,01,2024,Day,1108,ENACT
Jul,02,2024,Day,1109,ADORN
Jul,03,2024,Day,1110,ROAST
Jul,04,2024,Day,1111,SPECK
Jul,05,2024,Day,1112,SHEIK
Jul,06,2024,Day,1113,MISSY
Jul,07,2024,Day,1114,GRUNT
Jul,08,2024,Day,1115,SNOOP
Jul,09,2024,Day,1116,PARTY
Jul,10,2024,Day,1117,TOUCH
Jul,11,2024,Day,1118,MAFIA
Jul,12,2024,Day,1119,EMCEE
Jul,13,2024,Day,1120,ARRAY
Jul,14,2024,Day,1121,SOUTH
Jul,15,2024,Day,1122,VAPID
Jul,16,2024,Day,1123,JELLY
Jul,17,2024,Day,1124,SKULK
Jul,18,2024,Day,1125,ANGST
Jul,19,2024,Day,1126,TUBAL
Jul,20,2024,Day,1127,LOWER
Jul,21,2024,Day,1128,CREST
Jul,22,2024,Day,1129,SWEAT
Jul,23,2024,Day,1130,CYBER
Jul,24,2024,Day,1131,ADORE
Jul,25,2024,Day,1132,TARDY
Jul,26,2024,Day,1133,SWAMI
Jul,27,2024,Day,1134,NOTCH
Jul,28,2024,Day,1135,GROOM
Jul,29,2024,Day,1136,ROACH
Jul,30,2024,Day,1137,HITCH
Jul,31,2024,Day,1138,YOUNG
Aug,01,2024,Day,1139,ALIGN
Aug,02,2024,Day,1140,READY
Aug,03,2024,Day,1141,FROND
Aug,04,2024,Day,1142,STRAP
Aug,05,2024,Day,1143,PUREE
Aug,06,2024,Day,1144,REALM
Aug,07,2024,Day,1145,VENUE
Aug,08,2024,Day,1146,SWARM
Aug,09,2024,Day,1147,OFFER
Aug,10,2024,Day,1148,SEVEN
Aug,11,2024,Day,1149,DRYER
Aug,12,2024,Day,1150,DIARY
Aug,13,2024,Day,1151,DRYLY
Aug,14,2024,Day,1152,DRANK
Aug,15,2024,Day,1153,ACRID
Aug,16,2024,Day,1154,HEADY
Aug,17,2024,Day,1155,THETA
Aug,18,2024,Day,1156,JUNTO
Aug,19,2024,Day,1157,PIXIE
Aug,20,2024,Day,1158,QUOTH
Aug,21,2024,Day,1159,BONUS
Aug,22,2024,Day,1160,SHALT
Aug,23,2024,Day,1161,PENNE
Aug,24,2024,Day,1162,AMEND
Aug,25,2024,Day,1163,DATUM
Aug,26,2024,Day,1164,BUILD
Aug,27,2024,Day,1165,PIANO
Aug,28,2024,Day,1166,SHELF
Aug,29,2024,Day,1167,LODGE
Aug,30,2024,Day,1168,SUING
Aug,31,2024,Day,1169,REARM
Sep,01,2024,Day,1170,CORAL
Sep,02,2024,Day,1171,RAMEN
Sep,03,2024,Day,1172,WORTH
Sep,04,2024,Day,1173,PSALM
Sep,05,2024,Day,1174,INFER
Sep,06,2024,Day,1175,OVERT
Sep,07,2024,Day,1176,MAYOR
Sep,08,2024,Day,1177,OVOID
Sep,09,2024,Day,1178,GLIDE
Sep,10,2024,Day,1179,USAGE
Sep,11,2024,Day,1180,POISE
Sep,12,2024,Day,1181,RANDY
Sep,13,2024,Day,1182,CHUCK
Sep,14,2024,Day,1183,PRANK
Sep,15,2024,Day,1184,FISHY
Sep,16,2024,Day,1185,TOOTH
Sep,17,2024,Day,1186,ETHER
Sep,18,2024,Day,1187,DROVE
Sep,19,2024,Day,1188,IDLER
Sep,20,2024,Day,1189,SWATH
Sep,21,2024,Day,1190,STINT
Sep,22,2024,Day,1191,WHILE
Sep,23,2024,Day,1192,BEGAT
Sep,24,2024,Day,1193,APPLY
Sep,25,2024,Day,1194,SLANG
Sep,26,2024,Day,1195,TAROT
Sep,27,2024,Day,1196,RADAR
Sep,28,2024,Day,1197,CREDO
Sep,29,2024,Day,1198,AWARE
Sep,30,2024,Day,1199,CANON
Oct,01,2024,Day,1200,SHIFT
Oct,02,2024,Day,1201,TIMER
Oct,03,2024,Day,1202,BYLAW
Oct,04,2024,Day,1203,SERUM
Oct,05,2024,Day,1204,THREE
Oct,06,2024,Day,1205,STEAK
Oct,07,2024,Day,1206,ILIAC
Oct,08,2024,Day,1207,SHIRK
Oct,09,2024,Day,1208,BLUNT
Oct,10,2024,Day,1209,PUPPY
Oct,11,2024,Day,1210,PENAL
Oct,12,2024,Day,1211,JOIST
Oct,13,2024,Day,1212,BUNNY
Oct,14,2024,Day,1213,SHAPE
Oct,15,2024,Day,1214,BEGET
Oct,16,2024,Day,1215,WHEEL
Oct,17,2024,Day,1216,ADEPT
Oct,18,2024,Day,1217,STUNT
Oct,19,2024,Day,1218,STOLE
Oct,20,2024,Day,1219,TOPAZ
Oct,21,2024,Day,1220,CHORE
Oct,22,2024,Day,1221,FLUKE
Oct,23,2024,Day,1222,AFOOT
Oct,24,2024,Day,1223,BLOAT
Oct,25,2024,Day,1224,BULLY
Oct,26,2024,Day,1225,DENSE
Oct,27,2024,Day,1226,CAPER
Oct,28,2024,Day,1227,SNEER
Oct,29,2024,Day,1228,BOXER
Oct,30,2024,Day,1229,JUMBO
Oct,31,2024,Day,1230,LUNGE
Nov,01,2024,Day,1231,SPACE
Nov,02,2024,Day,1232,AVAIL
Nov,03,2024,Day,1233,SHORT
Nov,04,2024,Day,1234,SLURP
Nov,05,2024,Day,1235,LOYAL
Nov,06,2024,Day,1236,FLIRT
Nov,07,2024,Day,1237,PIZZA
Nov,08,2024,Day,1238,CONCH
Nov,09,2024,Day,1239,TEMPO
Nov,10,2024,Day,1240,DROOP
Nov,11,2024,Day,1241,PLATE
Nov,12,2024,Day,1242,BIBLE
Nov,13,2024,Day,1243,PLUNK
Nov,14,2024,Day,1244,AFOUL
Nov,15,2024,Day,1245,SAVOY
Nov,16,2024,Day,1246,STEEP
Nov,17,2024,Day,1247,AGILE
Nov,18,2024,Day,1248,STAKE
Nov,19,2024,Day,1249,DWELL
Nov,20,2024,Day,1250,KNAVE
Nov,21,2024,Day,1251,BEARD
Nov,22,2024,Day,1252,AROSE
Nov,23,2024,Day,1253,MOTIF
Nov,24,2024,Day,1254,SMASH
Nov,25,2024,Day,1255,BROIL
Nov,26,2024,Day,1256,GLARE
Nov,27,2024,Day,1257,SHOVE
Nov,28,2024,Day,1258,BAGGY
Nov,29,2024,Day,1259,MAMMY
Nov,30,2024,Day,1260,SWAMP
Dec,01,2024,Day,1261,ALONG
Dec,02,2024,Day,1262,RUGBY
Dec,03,2024,Day,1263,WAGER
Dec,04,2024,Day,1264,QUACK
Dec,05,2024,Day,1265,SQUAT
Dec,06,2024,Day,1266,SNAKY
Dec,07,2024,Day,1267,DEBIT
Dec,08,2024,Day,1268,MANGE
Dec,09,2024,Day,1269,SKATE
Dec,10,2024,Day,1270,NINTH
Dec,11,2024,Day,1271,JOUST
Dec,12,2024,Day,1272,TRAMP
Dec,13,2024,Day,1273,SPURN
Dec,14,2024,Day,1274,MEDAL
Dec,15,2024,Day,1275,MICRO
Dec,16,2024,Day,1276,REBEL
Dec,17,2024,Day,1277,FLANK
Dec,18,2024,Day,1278,LEARN
Dec,19,2024,Day,1279,NADIR
Dec,20,2024,Day,1280,MAPLE
Dec,21,2024,Day,1281,COMFY
Dec,22,2024,Day,1282,REMIT
Dec,23,2024,Day,1283,GRUFF
Dec,24,2024,Day,1284,ESTER
Dec,25,2024,Day,1285,LEAST
Dec,26,2024,Day,1286,MOGUL
Dec,27,2024,Day,1287,FETCH
Dec,28,2024,Day,1288,CAUSE
Dec,29,2024,Day,1289,OAKEN
Dec,30,2024,Day,1290,AGLOW
Dec,31,2024,Day,1291,MEATY
Jan,01,2025,Day,1292,GAFFE
Jan,02,2025,Day,1293,SHYLY
Jan,03,2025,Day,1294,RACER
Jan,04,2025,Day,1295,PROWL
Jan,05,2025,Day,1296,THIEF
Jan,06,2025,Day,1297,STERN
Jan,07,2025,Day,1298,POESY
Jan,08,2025,Day,1299,ROCKY
Jan,09,2025,Day,1300,TWEET
Jan,10,2025,Day,1301,WAIST
Jan,11,2025,Day,1302,SPIRE
Jan,12,2025,Day,1303,GROPE
Jan,13,2025,Day,1304,HAVOC
Jan,14,2025,Day,1305,PATSY
Jan,15,2025,Day,1306,TRULY
Jan,16,2025,Day,1307,FORTY
Jan,17,2025,Day,1308,DEITY
Jan,18,2025,Day,1309,UNCLE
Jan,19,2025,Day,1310,SWISH
Jan,20,2025,Day,1311,GIVER
Jan,21,2025,Day,1312,PREEN
Jan,22,2025,Day,1313,BEVEL
Jan,23,2025,Day,1314,LEMUR
Jan,24,2025,Day,1315,DRAFT
Jan,25,2025,Day,1316,SLOPE
Jan,26,2025,Day,1317,ANNOY
Jan,27,2025,Day,1318,LINGO
Jan,28,2025,Day,1319,BLEAK
Jan,29,2025,Day,1320,DITTY
Jan,30,2025,Day,1321,CURLY
Jan,31,2025,Day,1322,CEDAR
Feb,01,2025,Day,1323,DIRGE
Feb,02,2025,Day,1324,GROWN
Feb,03,2025,Day,1325,HORDE
Feb,04,2025,Day,1326,DROOL
Feb,05,2025,Day,1327,SHUCK
Feb,06,2025,Day,1328,CRYPT
Feb,07,2025,Day,1329,CUMIN
Feb,08,2025,Day,1330,STOCK
Feb,09,2025,Day,1331,GRAVY
Feb,10,2025,Day,1332,LOCUS
Feb,11,2025,Day,1333,WIDER
Feb,12,2025,Day,1334,BREED
Feb,13,2025,Day,1335,QUITE
Feb,14,2025,Day,1336,CHAFE
Feb,15,2025,Day,1337,CACHE
Feb,16,2025,Day,1338,BLIMP
Feb,17,2025,Day,1339,DEIGN
Feb,18,2025,Day,1340,FIEND
Feb,19,2025,Day,1341,LOGIC
Feb,20,2025,Day,1342,CHEAP
Feb,21,2025,Day,1343,ELIDE
Feb,22,2025,Day,1344,RIGID
Feb,23,2025,Day,1345,FALSE
Feb,24,2025,Day,1346,RENAL
Feb,25,2025,Day,1347,PENCE
Feb,26,2025,Day,1348,ROWDY
Feb,27,2025,Day,1349,SHOOT
Feb,28,2025,Day,1350,BLAZE
Mar,01,2025,Day,1351,ENVOY
Mar,02,2025,Day,1352,POSSE
Mar,03,2025,Day,1353,BRIEF
Mar,04,2025,Day,1354,NEVER
Mar,05,2025,Day,1355,ABORT
Mar,06,2025,Day,1356,MOUSE
Mar,07,2025,Day,1357,MUCKY
Mar,08,2025,Day,1358,SULKY
Mar,09,2025,Day,1359,FIERY
Mar,10,2025,Day,1360,MEDIA
Mar,11,2025,Day,1361,TRUNK
Mar,12,2025,Day,1362,YEAST
Mar,13,2025,Day,1363,CLEAR
Mar,14,2025,Day,1364,SKUNK
Mar,15,2025,Day,1365,SCALP
Mar,16,2025,Day,1366,BITTY
Mar,17,2025,Day,1367,CIDER
Mar,18,2025,Day,1368,KOALA
Mar,19,2025,Day,1369,DUVET
Mar,20,2025,Day,1370,SEGUE
Mar,21,2025,Day,1371,CREME
Mar,22,2025,Day,1372,SUPER
Mar,23,2025,Day,1373,GRILL
Mar,24,2025,Day,1374,AFTER
Mar,25,2025,Day,1375,OWNER
Mar,26,2025,Day,1376,EMBER
Mar,27,2025,Day,1377,REACH
Mar,28,2025,Day,1378,NOBLY
Mar,29,2025,Day,1379,EMPTY
Mar,30,2025,Day,1380,SPEED
Mar,31,2025,Day,1381,GIPSY
Apr,01,2025,Day,1382,RECUR
Apr,02,2025,Day,1383,SMOCK
Apr,03,2025,Day,1384,DREAD
Apr,04,2025,Day,1385,MERGE
Apr,05,2025,Day,1386,BURST
Apr,06,2025,Day,1387,KAPPA
Apr,07,2025,Day,1388,AMITY
Apr,08,2025,Day,1389,SHAKY
Apr,09,2025,Day,1390,HOVER
Apr,10,2025,Day,1391,CAROL
Apr,11,2025,Day,1392,SNORT
Apr,12,2025,Day,1393,SYNOD
Apr,13,2025,Day,1394,FAINT
Apr,14,2025,Day,1395,HAUNT
Apr,15,2025,Day,1396,FLOUR
Apr,16,2025,Day,1397,CHAIR
Apr,17,2025,Day,1398,DETOX
Apr,18,2025,Day,1399,SHREW
Apr,19,2025,Day,1400,TENSE
Apr,20,2025,Day,1401,PLIED
Apr,21,2025,Day,1402,QUARK
Apr,22,2025,Day,1403,BURLY
Apr,23,2025,Day,1404,NOVEL
Apr,24,2025,Day,1405,WAXEN
Apr,25,2025,Day,1406,STOIC
Apr,26,2025,Day,1407,JERKY
Apr,27,2025,Day,1408,BLITZ
Apr,28,2025,Day,1409,BEEFY
Apr,29,2025,Day,1410,LYRIC
Apr,30,2025,Day,1411,HUSSY
May,01,2025,Day,1412,TOWEL
May,02,2025,Day,1413,QUILT
May,03,2025,Day,1414,BELOW
May,04,2025,Day,1415,BINGO
May,05,2025,Day,1416,WISPY
May,06,2025,Day,1417,BRASH
May,07,2025,Day,1418,SCONE
May,08,2025,Day,1419,TOAST
May,09,2025,Day,1420,EASEL
May,10,2025,Day,1421,SAUCY
May,11,2025,Day,1422,VALUE
May,12,2025,Day,1423,SPICE
May,13,2025,Day,1424,HONOR
May,14,2025,Day,1425,ROUTE
May,15,2025,Day,1426,SHARP
May,16,2025,Day,1427,BAWDY
May,17,2025,Day,1428,RADII
May,18,2025,Day,1429,SKULL
May,19,2025,Day,1430,PHONY
May,20,2025,Day,1431,ISSUE
May,21,2025,Day,1432,LAGER
May,22,2025,Day,1433,SWELL
May,23,2025,Day,1434,URINE
May,24,2025,Day,1435,GASSY
May,25,2025,Day,1436,TRIAL
May,26,2025,Day,1437,FLORA
May,27,2025,Day,1438,UPPER
May,28,2025,Day,1439,LATCH
May,29,2025,Day,1440,WIGHT
May,30,2025,Day,1441,BRICK
May,31,2025,Day,1442,RETRY
Jun,01,2025,Day,1443,HOLLY
Jun,02,2025,Day,1444,DECAL
Jun,03,2025,Day,1445,GRASS
Jun,04,2025,Day,1446,SHACK
Jun,05,2025,Day,1447,DOGMA
Jun,06,2025,Day,1448,MOVER
Jun,07,2025,Day,1449,DEFER
Jun,08,2025,Day,1450,SOBER
Jun,09,2025,Day,1451,OPTIC
Jun,10,2025,Day,1452,CRIER
Jun,11,2025,Day,1453,VYING
Jun,12,2025,Day,1454,NOMAD
Jun,13,2025,Day,1455,FLUTE
Jun,14,2025,Day,1456,HIPPO
Jun,15,2025,Day,1457,SHARK
Jun,16,2025,Day,1458,DRIER
Jun,17,2025,Day,1459,OBESE
Jun,18,2025,Day,1460,BUGLE
Jun,19,2025,Day,1461,TAWNY
Jun,20,2025,Day,1462,CHALK
Jun,21,2025,Day,1463,FEAST
Jun,22,2025,Day,1464,RUDDY
Jun,23,2025,Day,1465,PEDAL
Jun,24,2025,Day,1466,SCARF
Jun,25,2025,Day,1467,CRUEL
Jun,26,2025,Day,1468,BLEAT
Jun,27,2025,Day,1469,TIDAL
Jun,28,2025,Day,1470,SLUSH
Jun,29,2025,Day,1471,SEMEN
Jun,30,2025,Day,1472,WINDY
Jul,01,2025,Day,1473,DUSTY
Jul,02,2025,Day,1474,SALLY
Jul,03,2025,Day,1475,IGLOO
Jul,04,2025,Day,1476,NERDY
Jul,05,2025,Day,1477,JEWEL
Jul,06,2025,Day,1478,SHONE
Jul,07,2025,Day,1479,WHALE
Jul,08,2025,Day,1480,HYMEN
Jul,09,2025,Day,1481,ABUSE
Jul,10,2025,Day,1482,FUGUE
Jul,11,2025,Day,1483,ELBOW
Jul,12,2025,Day,1484,CRUMB
Jul,13,2025,Day,1485,PANSY
Jul,14,2025,Day,1486,WELSH
Jul,15,2025,Day,1487,SYRUP
Jul,16,2025,Day,1488,TERSE
Jul,17,2025,Day,1489,SUAVE
Jul,18,2025,Day,1490,GAMUT
Jul,19,2025,Day,1491,SWUNG
Jul,20,2025,Day,1492,DRAKE
Jul,21,2025,Day,1493,FREED
Jul,22,2025,Day,1494,AFIRE
Jul,23,2025,Day,1495,SHIRT
Jul,24,2025,Day,1496,GROUT
Jul,25,2025,Day,1497,ODDLY
Jul,26,2025,Day,1498,TITHE
Jul,27,2025,Day,1499,PLAID
Jul,28,2025,Day,1500,DUMMY
Jul,29,2025,Day,1501,BROOM
Jul,30,2025,Day,1502,BLIND
Jul,31,2025,Day,1503,TORCH
Aug,01,2025,Day,1504,ENEMY
Aug,02,2025,Day,1505,AGAIN
Aug,03,2025,Day,1506,TYING
Aug,04,2025,Day,1507,PESKY
Aug,05,2025,Day,1508,ALTER
Aug,06,2025,Day,1509,GAZER
Aug,07,2025,Day,1510,NOBLE
Aug,08,2025,Day,1511,ETHOS
Aug,09,2025,Day,1512,BRIDE
Aug,10,2025,Day,1513,EXTOL
Aug,11,2025,Day,1514,DECOR
Aug,12,2025,Day,1515,HOBBY
Aug,13,2025,Day,1516,BEAST
Aug,14,2025,Day,1517,IDIOM
Aug,15,2025,Day,1518,UTTER
Aug,16,2025,Day,1519,THESE
Aug,17,2025,Day,1520,SIXTH
Aug,18,2025,Day,1521,ALARM
Aug,19,2025,Day,1522,ERASE
Aug,20,2025,Day,1523,ELEGY
Aug,21,2025,Day,1524,SPUNK
Aug,22,2025,Day,1525,PIPER
Aug,23,2025,Day,1526,SCALY
Aug,24,2025,Day,1527,SCOLD
Aug,25,2025,Day,1528,HEFTY
Aug,26,2025,Day,1529,CHICK
Aug,27,2025,Day,1530,SOOTY
Aug,28,2025,Day,1531,CANAL
Aug,29,2025,Day,1532,WHINY
Aug,30,2025,Day,1533,SLASH
Aug,31,2025,Day,1534,QUAKE
Sep,01,2025,Day,1535,JOINT
Sep,02,2025,Day,1536,SWEPT
Sep,03,2025,Day,1537,PRUDE
Sep,04,2025,Day,1538,HEAVY
Sep,05,2025,Day,1539,WIELD
Sep,06,2025,Day,1540,FEMME
Sep,07,2025,Day,1541,LASSO
Sep,08,2025,Day,1542,MAIZE
Sep,09,2025,Day,1543,SHALE
Sep,10,2025,Day,1544,SCREW
Sep,11,2025,Day,1545,SPREE
Sep,12,2025,Day,1546,SMOKY
Sep,13,2025,Day,1547,WHIFF
Sep,14,2025,Day,1548,SCENT
Sep,15,2025,Day,1549,GLADE
Sep,16,2025,Day,1550,SPENT
Sep,17,2025,Day,1551,PRISM
Sep,18,2025,Day,1552,STOKE
Sep,19,2025,Day,1553,RIPER
Sep,20,2025,Day,1554,ORBIT
Sep,21,2025,Day,1555,COCOA
Sep,22,2025,Day,1556,GUILT
Sep,23,2025,Day,1557,HUMUS
Sep,24,2025,Day,1558,SHUSH
Sep,25,2025,Day,1559,TABLE
Sep,26,2025,Day,1560,SMIRK
Sep,27,2025,Day,1561,WRONG
Sep,28,2025,Day,1562,NOISY
Sep,29,2025,Day,1563,ALERT
Sep,30,2025,Day,1564,SHINY
Oct,01,2025,Day,1565,ELATE
Oct,02,2025,Day,1566,RESIN
Oct,03,2025,Day,1567,WHOLE
Oct,04,2025,Day,1568,HUNCH
Oct,05,2025,Day,1569,PIXEL
Oct,06,2025,Day,1570,POLAR
Oct,07,2025,Day,1571,HOTEL
Oct,08,2025,Day,1572,SWORD
Oct,09,2025,Day,1573,CLEAT
Oct,10,2025,Day,1574,MANGO
Oct,11,2025,Day,1575,RUMBA
Oct,12,2025,Day,1576,PUFFY
Oct,13,2025,Day,1577,FILLY
Oct,14,2025,Day,1578,BILLY
Oct,15,2025,Day,1579,LEASH
Oct,16,2025,Day,1580,CLOUT
Oct,17,2025,Day,1581,DANCE
Oct,18,2025,Day,1582,OVATE
Oct,19,2025,Day,1583,FACET
Oct,20,2025,Day,1584,CHILI
Oct,21,2025,Day,1585,PAINT
Oct,22,2025,Day,1586,LINER
Oct,23,2025,Day,1587,CURIO
Oct,24,2025,Day,1588,SALTY
Oct,25,2025,Day,1589,AUDIO
Oct,26,2025,Day,1590,SNAKE
Oct,27,2025,Day,1591,FABLE
Oct,28,2025,Day,1592,CLOAK
Oct,29,2025,Day,1593,NAVEL
Oct,30,2025,Day,1594,SPURT
Oct,31,2025,Day,1595,PESTO
Nov,01,2025,Day,1596,BALMY
Nov,02,2025,Day,1597,FLASH
Nov,03,2025,Day,1598,UNWED
Nov,04,2025,Day,1599,EARLY
Nov,05,2025,Day,1600,CHURN
Nov,06,2025,Day,1601,WEEDY
Nov,07,2025,Day,1602,STUMP
Nov,08,2025,Day,1603,LEASE
Nov,09,2025,Day,1604,WITTY
Nov,10,2025,Day,1605,WIMPY
Nov,11,2025,Day,1606,SPOOF
Nov,12,2025,Day,1607,SANER
Nov,13,2025,Day,1608,BLEND
Nov,14,2025,Day,1609,SALSA
Nov,15,2025,Day,1610,THICK
Nov,16,2025,Day,1611,WARTY
Nov,17,2025,Day,1612,MANIC
Nov,18,2025,Day,1613,BLARE
Nov,19,2025,Day,1614,SQUIB
Nov,20,2025,Day,1615,SPOON
Nov,21,2025,Day,1616,PROBE
Nov,22,2025,Day,1617,CREPE
Nov,23,2025,Day,1618,KNACK
Nov,24,2025,Day,1619,FORCE
Nov,25,2025,Day,1620,DEBUT
Nov,26,2025,Day,1621,ORDER
Nov,27,2025,Day,1622,HASTE
Nov,28,2025,Day,1623,TEETH
Nov,29,2025,Day,1624,AGENT
Nov,30,2025,Day,1625,WIDEN
Dec,01,2025,Day,1626,ICILY
Dec,02,2025,Day,1627,SLICE
Dec,03,2025,Day,1628,INGOT
Dec,04,2025,Day,1629,CLASH
Dec,05,2025,Day,1630,JUROR
Dec,06,2025,Day,1631,BLOOD
Dec,07,2025,Day,1632,ABODE
Dec,08,2025,Day,1633,THROW
Dec,09,2025,Day,1634,UNITY
Dec,10,2025,Day,1635,PIVOT
Dec,11,2025,Day,1636,SLEPT
Dec,12,2025,Day,1637,TROOP
Dec,13,2025,Day,1638,SPARE
Dec,14,2025,Day,1639,SEWER
Dec,15,2025,Day,1640,PARSE
Dec,16,2025,Day,1641,MORPH
Dec,17,2025,Day,1642,CACTI
Dec,18,2025,Day,1643,TACKY
Dec,19,2025,Day,1644,SPOOL
Dec,20,2025,Day,1645,DEMON
Dec,21,2025,Day,1646,MOODY
Dec,22,2025,Day,1647,ANNEX
Dec,23,2025,Day,1648,BEGIN
Dec,24,2025,Day,1649,FUZZY
Dec,25,2025,Day,1650,PATCH
Dec,26,2025,Day,1651,WATER
Dec,27,2025,Day,1652,LUMPY
Dec,28,2025,Day,1653,ADMIN
Dec,29,2025,Day,1654,OMEGA
Dec,30,2025,Day,1655,LIMIT
Dec,31,2025,Day,1656,TABBY
Jan,01,2026,Day,1657,MACHO
Jan,02,2026,Day,1658,AISLE
Jan,03,2026,Day,1659,SKIFF
Jan,04,2026,Day,1660,BASIS
Jan,05,2026,Day,1661,PLANK
Jan,06,2026,Day,1662,VERGE
Jan,07,2026,Day,1663,BOTCH
Jan,08,2026,Day,1664,CRAWL
Jan,09,2026,Day,1665,LOUSY
Jan,10,2026,Day,1666,SLAIN
Jan,11,2026,Day,1667,CUBIC
Jan,12,2026,Day,1668,RAISE
Jan,13,2026,Day,1669,WRACK
Jan,14,2026,Day,1670,GUIDE
Jan,15,2026,Day,1671,FOIST
Jan,16,2026,Day,1672,CAMEO
Jan,17,2026,Day,1673,UNDER
Jan,18,2026,Day,1674,ACTOR
Jan,19,2026,Day,1675,REVUE
Jan,20,2026,Day,1676,FRAUD
Jan,21,2026,Day,1677,HARPY
Jan,22,2026,Day,1678,SCOOP
Jan,23,2026,Day,1679,CLIMB
Jan,24,2026,Day,1680,REFER
Jan,25,2026,Day,1681,OLDEN
Jan,26,2026,Day,1682,CLERK
Jan,27,2026,Day,1683,DEBAR
Jan,28,2026,Day,1684,TALLY
Jan,29,2026,Day,1685,ETHIC
Jan,30,2026,Day,1686,CAIRN
Jan,31,2026,Day,1687,TULLE
Feb,01,2026,Day,1688,GHOUL
Feb,02,2026,Day,1689,HILLY
Feb,03,2026,Day,1690,CRUDE
Feb,04,2026,Day,1691,APART
Feb,05,2026,Day,1692,SCALE
Feb,06,2026,Day,1693,OLDER
Feb,07,2026,Day,1694,PLAIN
Feb,08,2026,Day,1695,SPERM
Feb,09,2026,Day,1696,BRINY
Feb,10,2026,Day,1697,ABBOT
Feb,11,2026,Day,1698,RERUN
Feb,12,2026,Day,1699,QUEST
Feb,13,2026,Day,1700,CRISP
Feb,14,2026,Day,1701,BOUND
Feb,15,2026,Day,1702,BEFIT
Feb,16,2026,Day,1703,DRAWN
Feb,17,2026,Day,1704,SUITE
Feb,18,2026,Day,1705,ITCHY
Feb,19,2026,Day,1706,CHEER
Feb,20,2026,Day,1707,BAGEL
Feb,21,2026,Day,1708,GUESS
Feb,22,2026,Day,1709,BROAD
Feb,23,2026,Day,1710,AXIOM
Feb,24,2026,Day,1711,CHARD
Feb,25,2026,Day,1712,CAPUT
Feb,26,2026,Day,1713,LEANT
Feb,27,2026,Day,1714,HARSH
Feb,28,2026,Day,1715,CURSE
Mar,01,2026,Day,1716,PROUD
Mar,02,2026,Day,1717,SWING
Mar,03,2026,Day,1718,OPINE
Mar,04,2026,Day,1719,TASTE
Mar,05,2026,Day,1720,LUPUS
Mar,06,2026,Day,1721,GUMBO
Mar,07,2026,Day,1722,MINER
Mar,08,2026,Day,1723,GREEN
Mar,09,2026,Day,1724,CHASM
Mar,10,2026,Day,1725,LIPID
Mar,11,2026,Day,1726,TOPIC
Mar,12,2026,Day,1727,ARMOR
Mar,13,2026,Day,1728,BRUSH
Mar,14,2026,Day,1729,CRANE
Mar,15,2026,Day,1730,MURAL
Mar,16,2026,Day,1731,ABLED
Mar,17,2026,Day,1732,HABIT
Mar,18,2026,Day,1733,BOSSY
Mar,19,2026,Day,1734,MAKER
Mar,20,2026,Day,1735,DUSKY
Mar,21,2026,Day,1736,DIZZY
Mar,22,2026,Day,1737,LITHE
Mar,23,2026,Day,1738,BROOK
Mar,24,2026,Day,1739,JAZZY
Mar,25,2026,Day,1740,FIFTY
Mar,26,2026,Day,1741,SENSE
Mar,27,2026,Day,1742,GIANT
Mar,28,2026,Day,1743,SURLY
Mar,29,2026,Day,1744,LEGAL
Mar,30,2026,Day,1745,FATAL
Mar,31,2026,Day,1746,FLUNK
Apr,01,2026,Day,1747,BEGAN
Apr,02,2026,Day,1748,PRUNE
Apr,03,2026,Day,1749,SMALL
Apr,04,2026,Day,1750,SLANT
Apr,05,2026,Day,1751,SCOFF
Apr,06,2026,Day,1752,TORUS
Apr,07,2026,Day,1753,NINNY
Apr,08,2026,Day,1754,COVEY
Apr,09,2026,Day,1755,VIPER
Apr,10,2026,Day,1756,TAKEN
Apr,11,2026,Day,1757,MORAL
Apr,12,2026,Day,1758,VOGUE
Apr,13,2026,Day,1759,OWING
Apr,14,2026,Day,1760,TOKEN
Apr,15,2026,Day,1761,ENTRY
Apr,16,2026,Day,1762,BOOTH
Apr,17,2026,Day,1763,VOTER
Apr,18,2026,Day,1764,CHIDE
Apr,19,2026,Day,1765,ELFIN
Apr,20,2026,Day,1766,EBONY
Apr,21,2026,Day,1767,NEIGH
Apr,22,2026,Day,1768,MINIM
Apr,23,2026,Day,1769,MELON
Apr,24,2026,Day,1770,KNEED
Apr,25,2026,Day,1771,DECOY
Apr,26,2026,Day,1772,VOILA
Apr,27,2026,Day,1773,ANKLE
Apr,28,2026,Day,1774,ARROW
Apr,29,2026,Day,1775,MUSHY
Apr,30,2026,Day,1776,TRIBE
May,01,2026,Day,1777,CEASE
May,02,2026,Day,1778,EAGER
May,03,2026,Day,1779,BIRTH
May,04,2026,Day,1780,GRAPH
May,05,2026,Day,1781,ODDER
May,06,2026,Day,1782,TERRA
May,07,2026,Day,1783,WEIRD
May,08,2026,Day,1784,TRIED
May,09,2026,Day,1785,CLACK
May,10,2026,Day,1786,COLOR
May,11,2026,Day,1787,ROUGH
May,12,2026,Day,1788,WEIGH
May,13,2026,Day,1789,UNCUT
May,14,2026,Day,1790,LADLE
May,15,2026,Day,1791,STRIP
May,16,2026,Day,1792,CRAFT
May,17,2026,Day,1793,MINUS
May,18,2026,Day,1794,DICEY
May,19,2026,Day,1795,TITAN
May,20,2026,Day,1796,LUCID
May,21,2026,Day,1797,VICAR
May,22,2026,Day,1798,DRESS
May,23,2026,Day,1799,DITCH
May,24,2026,Day,1800,GYPSY
May,25,2026,Day,1801,PASTA
May,26,2026,Day,1802,TAFFY
May,27,2026,Day,1803,FLAME
May,28,2026,Day,1804,SWOOP
May,29,2026,Day,1805,ALOOF
May,30,2026,Day,1806,SIGHT
May,31,2026,Day,1807,BROKE
Jun,01,2026,Day,1808,TEARY
Jun,02,2026,Day,1809,CHART
Jun,03,2026,Day,1810,SIXTY
Jun,04,2026,Day,1811,WORDY
Jun,05,2026,Day,1812,SHEER
Jun,06,2026,Day,1813,LEPER
Jun,07,2026,Day,1814,NOSEY
Jun,08,2026,Day,1815,BULGE
Jun,09,2026,Day,1816,SAVOR
Jun,10,2026,Day,1817,CLAMP
Jun,11,2026,Day,1818,FUNKY
Jun,12,2026,Day,1819,FOAMY
Jun,13,2026,Day,1820,TOXIC
Jun,14,2026,Day,1821,BRAND
Jun,15,2026,Day,1822,PLUMB
Jun,16,2026,Day,1823,DINGY
Jun,17,2026,Day,1824,BUTTE
Jun,18,2026,Day,1825,DRILL
Jun,19,2026,Day,1826,TRIPE
Jun,20,2026,Day,1827,BICEP
Jun,21,2026,Day,1828,TENOR
Jun,22,2026,Day,1829,KRILL
Jun,23,2026,Day,1830,WORSE
Jun,24,2026,Day,1831,DRAMA
Jun,25,2026,Day,1832,HYENA
Jun,26,2026,Day,1833,THINK
Jun,27,2026,Day,1834,RATIO
Jun,28,2026,Day,1835,COBRA
Jun,29,2026,Day,1836,BASIL
Jun,30,2026,Day,1837,SCRUM
Jul,01,2026,Day,1838,BUSED
Jul,02,2026,Day,1839,PHONE
Jul,03,2026,Day,1840,COURT
Jul,04,2026,Day,1841,CAMEL
Jul,05,2026,Day,1842,PROOF
Jul,06,2026,Day,1843,HEARD
Jul,07,2026,Day,1844,ANGEL
Jul,08,2026,Day,1845,PETAL
Jul,09,2026,Day,1846,POUTY
Jul,10,2026,Day,1847,THROB
Jul,11,2026,Day,1848,MAYBE
Jul,12,2026,Day,1849,FETAL
Jul,13,2026,Day,1850,SPRIG
Jul,14,2026,Day,1851,SPINE
Jul,15,2026,Day,1852,SHOUT
Jul,16,2026,Day,1853,CADET
Jul,17,2026,Day,1854,MACRO
Jul,18,2026,Day,1855,DODGY
Jul,19,2026,Day,1856,SATYR
Jul,20,2026,Day,1857,RARER
Jul,21,2026,Day,1858,BINGE
Jul,22,2026,Day,1859,TREND
Jul,23,2026,Day,1860,NUTTY
Jul,24,2026,Day,1861,LEAPT
Jul,25,2026,Day,1862,AMISS
Jul,26,2026,Day,1863,SPLIT
Jul,27,2026,Day,1864,MYRRH
Jul,28,2026,Day,1865,WIDTH
Jul,29,2026,Day,1866,SONAR
Jul,30,2026,Day,1867,TOWER
Jul,31,2026,Day,1868,BARON
Aug,01,2026,Day,1869,FEVER
Aug,02,2026,Day,1870,WAVER
Aug,03,2026,Day,1871,SPARK
Aug,04,2026,Day,1872,BELIE
Aug,05,2026,Day,1873,SLOOP
Aug,06,2026,Day,1874,EXPEL
Aug,07,2026,Day,1875,SMOTE
Aug,08,2026,Day,1876,BALER
Aug,09,2026,Day,1877,ABOVE
Aug,10,2026,Day,1878,NORTH
Aug,11,2026,Day,1879,WAFER
Aug,12,2026,Day,1880,SCANT
Aug,13,2026,Day,1881,FRILL
Aug,14,2026,Day,1882,AWASH
Aug,15,2026,Day,1883,SNACK
Aug,16,2026,Day,1884,SCOWL
Aug,17,2026,Day,1885,FRAIL
Aug,18,2026,Day,1886,DRIFT
Aug,19,2026,Day,1887,LIMBO
Aug,20,2026,Day,1888,FENCE
Aug,21,2026,Day,1889,MOTEL
Aug,22,2026,Day,1890,OUNCE
Aug,23,2026,Day,1891,WREAK
Aug,24,2026,Day,1892,REVEL
Aug,25,2026,Day,1893,TALON
Aug,26,2026,Day,1894,PRIOR
Aug,27,2026,Day,1895,KNELT
Aug,28,2026,Day,1896,CELLO
Aug,29,2026,Day,1897,FLAKE
Aug,30,2026,Day,1898,DEBUG
Aug,31,2026,Day,1899,ANODE
Sep,01,2026,Day,1900,CRIME
Sep,02,2026,Day,1901,SALVE
Sep,03,2026,Day,1902,SCOUT
Sep,04,2026,Day,1903,IMBUE
Sep,05,2026,Day,1904,PINKY
Sep,06,2026,Day,1905,STAVE
Sep,07,2026,Day,1906,VAGUE
Sep,08,2026,Day,1907,CHOCK
Sep,09,2026,Day,1908,FIGHT
Sep,10,2026,Day,1909,VIDEO
Sep,11,2026,Day,1910,STONE
Sep,12,2026,Day,1911,TEACH
Sep,13,2026,Day,1912,CLEFT
Sep,14,2026,Day,1913,FROST
Sep,15,2026,Day,1914,PRAWN
Sep,16,2026,Day,1915,BOOTY
Sep,17,2026,Day,1916,TWIST
Sep,18,2026,Day,1917,APNEA
Sep,19,2026,Day,1918,STIFF
Sep,20,2026,Day,1919,PLAZA
Sep,21,2026,Day,1920,LEDGE
Sep,22,2026,Day,1921,TWEAK
Sep,23,2026,Day,1922,BOARD
Sep,24,2026,Day,1923,GRANT
Sep,25,2026,Day,1924,MEDIC
Sep,26,2026,Day,1925,BACON
Sep,27,2026,Day,1926,CABLE
Sep,28,2026,Day,1927,BRAWL
Sep,29,2026,Day,1928,SLUNK
Sep,30,2026,Day,1929,RASPY
Oct,01,2026,Day,1930,FORUM
Oct,02,2026,Day,1931,DRONE
Oct,03,2026,Day,1932,WOMEN
Oct,04,2026,Day,1933,MUCUS
Oct,05,2026,Day,1934,BOAST
Oct,06,2026,Day,1935,TODDY
Oct,07,2026,Day,1936,COVEN
Oct,08,2026,Day,1937,TUMOR
Oct,09,2026,Day,1938,TRUER
Oct,10,2026,Day,1939,WRATH
Oct,11,2026,Day,1940,STALL
Oct,12,2026,Day,1941,STEAM
Oct,13,2026,Day,1942,AXIAL
Oct,14,2026,Day,1943,PURER
Oct,15,2026,Day,1944,DAILY
Oct,16,2026,Day,1945,TRAIL
Oct,17,2026,Day,1946,NICHE
Oct,18,2026,Day,1947,MEALY
Oct,19,2026,Day,1948,JUICE
Oct,20,2026,Day,1949,NYLON
Oct,21,2026,Day,1950,PLUMP
Oct,22,2026,Day,1951,MERRY
Oct,23,2026,Day,1952,FLAIL
Oct,24,2026,Day,1953,PAPAL
Oct,25,2026,Day,1954,WHEAT
Oct,26,2026,Day,1955,BERRY
Oct,27,2026,Day,1956,COWER
Oct,28,2026,Day,1957,ERECT
Oct,29,2026,Day,1958,BRUTE
Oct,30,2026,Day,1959,LEGGY
Oct,31,2026,Day,1960,SNIPE
Nov,01,2026,Day,1961,SINEW
Nov,02,2026,Day,1962,SKIER
Nov,03,2026,Day,1963,PENNY
Nov,04,2026,Day,1964,JUMPY
Nov,05,2026,Day,1965,RALLY
Nov,06,2026,Day,1966,UMBRA
Nov,07,2026,Day,1967,SCARY
Nov,08,2026,Day,1968,MODEM
Nov,09,2026,Day,1969,GROSS
Nov,10,2026,Day,1970,AVIAN
Nov,11,2026,Day,1971,GREED
Nov,12,2026,Day,1972,SATIN
Nov,13,2026,Day,1973,TONIC
Nov,14,2026,Day,1974,PARKA
Nov,15,2026,Day,1975,SNIFF
Nov,16,2026,Day,1976,LIVID
Nov,17,2026,Day,1977,STARK
Nov,18,2026,Day,1978,TRUMP
Nov,19,2026,Day,1979,GIDDY
Nov,20,2026,Day,1980,REUSE
Nov,21,2026,Day,1981,TABOO
Nov,22,2026,Day,1982,AVOID
Nov,23,2026,Day,1983,QUOTE
Nov,24,2026,Day,1984,DEVIL
Nov,25,2026,Day,1985,LIKEN
Nov,26,2026,Day,1986,GLOSS
Nov,27,2026,Day,1987,GAYER
Nov,28,2026,Day,1988,BERET
Nov,29,2026,Day,1989,NOISE
Nov,30,2026,Day,1990,GLAND
Dec,01,2026,Day,1991,DEALT
Dec,02,2026,Day,1992,SLING
Dec,03,2026,Day,1993,RUMOR
Dec,04,2026,Day,1994,OPERA
Dec,05,2026,Day,1995,THIGH
Dec,06,2026,Day,1996,TONGA
Dec,07,2026,Day,1997,FLARE
Dec,08,2026,Day,1998,WOUND
Dec,09,2026,Day,1999,WHITE
Dec,10,2026,Day,2000,BULKY
Dec,11,2026,Day,2001,ETUDE
Dec,12,2026,Day,2002,HORSE
Dec,13,2026,Day,2003,CIRCA
Dec,14,2026,Day,2004,PADDY
Dec,15,2026,Day,2005,INBOX
Dec,16,2026,Day,2006,FIZZY
Dec,17,2026,Day,2007,GRAIN
Dec,18,2026,Day,2008,EXERT
Dec,19,2026,Day,2009,SURGE
Dec,20,2026,Day,2010,GLEAM
Dec,21,2026,Day,2011,BELLE
Dec,22,2026,Day,2012,SALVO
Dec,23,2026,Day,2013,CRUSH
Dec,24,2026,Day,2014,FRUIT
Dec,25,2026,Day,2015,SAPPY
Dec,26,2026,Day,2016,TAKER
Dec,27,2026,Day,2017,TRACT
Dec,28,2026,Day,2018,OVINE
Dec,29,2026,Day,2019,SPIKY
Dec,30,2026,Day,2020,FRANK
Dec,31,2026,Day,2021,REEDY
Jan,01,2027,Day,2022,FILTH
Jan,02,2027,Day,2023,SPASM
Jan,03,2027,Day,2024,HEAVE
Jan,04,2027,Day,2025,MAMBO
Jan,05,2027,Day,2026,RIGHT
Jan,06,2027,Day,2027,CLANK
Jan,07,2027,Day,2028,TRUST
Jan,08,2027,Day,2029,LUMEN
Jan,09,2027,Day,2030,BORNE
Jan,10,2027,Day,2031,SPOOK
Jan,11,2027,Day,2032,SAUCE
Jan,12,2027,Day,2033,AMBER
Jan,13,2027,Day,2034,LATHE
Jan,14,2027,Day,2035,CARAT
Jan,15,2027,Day,2036,CORER
Jan,16,2027,Day,2037,DIRTY
Jan,17,2027,Day,2038,SLYLY
Jan,18,2027,Day,2039,AFFIX
Jan,19,2027,Day,2040,ALLOY
Jan,20,2027,Day,2041,TAINT
Jan,21,2027,Day,2042,SHEEP
Jan,22,2027,Day,2043,KINKY
Jan,23,2027,Day,2044,WOOLY
Jan,24,2027,Day,2045,MAUVE
Jan,25,2027,Day,2046,FLUNG
Jan,26,2027,Day,2047,YACHT
Jan,27,2027,Day,2048,FRIED
Jan,28,2027,Day,2049,QUAIL
Jan,29,2027,Day,2050,BRUNT
Jan,30,2027,Day,2051,GRIMY
Jan,31,2027,Day,2052,CURVY
Feb,01,2027,Day,2053,CAGEY
Feb,02,2027,Day,2054,RINSE
Feb,03,2027,Day,2055,DEUCE
Feb,04,2027,Day,2056,STATE
Feb,05,2027,Day,2057,GRASP
Feb,06,2027,Day,2058,MILKY
Feb,07,2027,Day,2059,BISON
Feb,08,2027,Day,2060,GRAFT
Feb,09,2027,Day,2061,SANDY
Feb,10,2027,Day,2062,BASTE
Feb,11,2027,Day,2063,FLASK
Feb,12,2027,Day,2064,HEDGE
Feb,13,2027,Day,2065,GIRLY
Feb,14,2027,Day,2066,SWASH
Feb,15,2027,Day,2067,BONEY
Feb,16,2027,Day,2068,COUPE
Feb,17,2027,Day,2069,ENDOW
Feb,18,2027,Day,2070,ABHOR
Feb,19,2027,Day,2071,WELCH
Feb,20,2027,Day,2072,BLADE
Feb,21,2027,Day,2073,TIGHT
Feb,22,2027,Day,2074,GEESE
Feb,23,2027,Day,2075,MISER
Feb,24,2027,Day,2076,MIRTH
Feb,25,2027,Day,2077,CLOUD
Feb,26,2027,Day,2078,CABAL
Feb,27,2027,Day,2079,LEECH
Feb,28,2027,Day,2080,CLOSE
Mar,01,2027,Day,2081,TENTH
Mar,02,2027,Day,2082,PECAN
Mar,03,2027,Day,2083,DROIT
Mar,04,2027,Day,2084,GRAIL
Mar,05,2027,Day,2085,CLONE
Mar,06,2027,Day,2086,GUISE
Mar,07,2027,Day,2087,RALPH
Mar,08,2027,Day,2088,TANGO
Mar,09,2027,Day,2089,BIDDY
Mar,10,2027,Day,2090,SMITH
Mar,11,2027,Day,2091,MOWER
Mar,12,2027,Day,2092,PAYEE
Mar,13,2027,Day,2093,SERIF
Mar,14,2027,Day,2094,DRAPE
Mar,15,2027,Day,2095,FIFTH
Mar,16,2027,Day,2096,SPANK
Mar,17,2027,Day,2097,GLAZE
Mar,18,2027,Day,2098,ALLOT
Mar,19,2027,Day,2099,TRUCK
Mar,20,2027,Day,2100,KAYAK
Mar,21,2027,Day,2101,VIRUS
Mar,22,2027,Day,2102,TESTY
Mar,23,2027,Day,2103,TEPEE
Mar,24,2027,Day,2104,FULLY
Mar,25,2027,Day,2105,ZONAL
Mar,26,2027,Day,2106,METRO
Mar,27,2027,Day,2107,CURRY
Mar,28,2027,Day,2108,GRAND
Mar,29,2027,Day,2109,BANJO
Mar,30,2027,Day,2110,AXION
Mar,31,2027,Day,2111,BEZEL
Apr,01,2027,Day,2112,OCCUR
Apr,02,2027,Day,2113,CHAIN
Apr,03,2027,Day,2114,NASAL
Apr,04,2027,Day,2115,GOOEY
Apr,05,2027,Day,2116,FILER
Apr,06,2027,Day,2117,BRACE
Apr,07,2027,Day,2118,ALLAY
Apr,08,2027,Day,2119,PUBIC
Apr,09,2027,Day,2120,RAVEN
Apr,10,2027,Day,2121,PLEAD
Apr,11,2027,Day,2122,GNASH
Apr,12,2027,Day,2123,FLAKY
Apr,13,2027,Day,2124,MUNCH
Apr,14,2027,Day,2125,DULLY
Apr,15,2027,Day,2126,EKING
Apr,16,2027,Day,2127,THING
Apr,17,2027,Day,2128,SLINK
Apr,18,2027,Day,2129,HURRY
Apr,19,2027,Day,2130,THEFT
Apr,20,2027,Day,2131,SHORN
Apr,21,2027,Day,2132,PYGMY
Apr,22,2027,Day,2133,RANCH
Apr,23,2027,Day,2134,WRING
Apr,24,2027,Day,2135,LEMON
Apr,25,2027,Day,2136,SHORE
Apr,26,2027,Day,2137,MAMMA
Apr,27,2027,Day,2138,FROZE
Apr,28,2027,Day,2139,NEWER
Apr,29,2027,Day,2140,STYLE
Apr,30,2027,Day,2141,MOOSE
May,01,2027,Day,2142,ANTIC
May,02,2027,Day,2143,DROWN
May,03,2027,Day,2144,VEGAN
May,04,2027,Day,2145,CHESS
May,05,2027,Day,2146,GUPPY
May,06,2027,Day,2147,UNION
May,07,2027,Day,2148,LEVER
May,08,2027,Day,2149,LORRY
May,09,2027,Day,2150,IMAGE
May,10,2027,Day,2151,CABBY
May,11,2027,Day,2152,DRUID
May,12,2027,Day,2153,EXACT
May,13,2027,Day,2154,TRUTH
May,14,2027,Day,2155,DOPEY
May,15,2027,Day,2156,SPEAR
May,16,2027,Day,2157,CRIED
May,17,2027,Day,2158,CHIME
May,18,2027,Day,2159,CRONY
May,19,2027,Day,2160,STUNK
May,20,2027,Day,2161,TIMID
May,21,2027,Day,2162,BATCH
May,22,2027,Day,2163,GAUGE
May,23,2027,Day,2164,ROTOR
May,24,2027,Day,2165,CRACK
May,25,2027,Day,2166,CURVE
May,26,2027,Day,2167,LATTE
May,27,2027,Day,2168,WITCH
May,28,2027,Day,2169,BUNCH
May,29,2027,Day,2170,REPEL
May,30,2027,Day,2171,ANVIL
May,31,2027,Day,2172,SOAPY
Jun,01,2027,Day,2173,METER
Jun,02,2027,Day,2174,BROTH
Jun,03,2027,Day,2175,MADLY
Jun,04,2027,Day,2176,DRIED
Jun,05,2027,Day,2177,SCENE
Jun,06,2027,Day,2178,KNOWN
Jun,07,2027,Day,2179,MAGMA
Jun,08,2027,Day,2180,ROOST
Jun,09,2027,Day,2181,WOMAN
Jun,10,2027,Day,2182,THONG
Jun,11,2027,Day,2183,PUNCH
Jun,12,2027,Day,2184,PASTY
Jun,13,2027,Day,2185,DOWNY
Jun,14,2027,Day,2186,KNEAD
Jun,15,2027,Day,2187,WHIRL
Jun,16,2027,Day,2188,RAPID
Jun,17,2027,Day,2189,CLANG
Jun,18,2027,Day,2190,ANGER
Jun,19,2027,Day,2191,DRIVE
Jun,20,2027,Day,2192,GOOFY
Jun,21,2027,Day,2193,EMAIL
Jun,22,2027,Day,2194,MUSIC
Jun,23,2027,Day,2195,STUFF
Jun,24,2027,Day,2196,BLEEP
Jun,25,2027,Day,2197,RIDER
Jun,26,2027,Day,2198,MECCA
Jun,27,2027,Day,2199,FOLIO
Jun,28,2027,Day,2200,SETUP
Jun,29,2027,Day,2201,VERSO
Jun,30,2027,Day,2202,QUASH
Jul,01,2027,Day,2203,FAUNA
Jul,02,2027,Day,2204,GUMMY
Jul,03,2027,Day,2205,HAPPY
Jul,04,2027,Day,2206,NEWLY
Jul,05,2027,Day,2207,FUSSY
Jul,06,2027,Day,2208,RELIC
Jul,07,2027,Day,2209,GUAVA
Jul,08,2027,Day,2210,RATTY
Jul,09,2027,Day,2211,FUDGE
Jul,10,2027,Day,2212,FEMUR
Jul,11,2027,Day,2213,CHIRP
Jul,12,2027,Day,2214,FORTE
Jul,13,2027,Day,2215,ALIBI
Jul,14,2027,Day,2216,WHINE
Jul,15,2027,Day,2217,PETTY
Jul,16,2027,Day,2218,GOLLY
Jul,17,2027,Day,2219,PLAIT
Jul,18,2027,Day,2220,FLECK
Jul,19,2027,Day,2221,FELON
Jul,20,2027,Day,2222,GOURD
Jul,21,2027,Day,2223,BROWN
Jul,22,2027,Day,2224,THRUM
Jul,23,2027,Day,2225,FICUS
Jul,24,2027,Day,2226,STASH
Jul,25,2027,Day,2227,DECRY
Jul,26,2027,Day,2228,WISER
Jul,27,2027,Day,2229,JUNTA
Jul,28,2027,Day,2230,VISOR
Jul,29,2027,Day,2231,DAUNT
Jul,30,2027,Day,2232,SCREE
Jul,31,2027,Day,2233,IMPEL
Aug,01,2027,Day,2234,AWAIT
Aug,02,2027,Day,2235,PRESS
Aug,03,2027,Day,2236,WHOSE
Aug,04,2027,Day,2237,TURBO
Aug,05,2027,Day,2238,STOOP
Aug,06,2027,Day,2239,SPEAK
Aug,07,2027,Day,2240,MANGY
Aug,08,2027,Day,2241,EYING
Aug,09,2027,Day,2242,INLET
Aug,10,2027,Day,2243,CRONE
Aug,11,2027,Day,2244,PULSE
Aug,12,2027,Day,2245,MOSSY
Aug,13,2027,Day,2246,STAID
Aug,14,2027,Day,2247,HENCE
Aug,15,2027,Day,2248,PINCH
Aug,16,2027,Day,2249,TEDDY
Aug,17,2027,Day,2250,SULLY
Aug,18,2027,Day,2251,SNORE
Aug,19,2027,Day,2252,RIPEN
Aug,20,2027,Day,2253,SNOWY
Aug,21,2027,Day,2254,ATTIC
Aug,22,2027,Day,2255,GOING
Aug,23,2027,Day,2256,LEACH
Aug,24,2027,Day,2257,MOUTH
Aug,25,2027,Day,2258,HOUND
Aug,26,2027,Day,2259,CLUMP
Aug,27,2027,Day,2260,TONAL
Aug,28,2027,Day,2261,BIGOT
Aug,29,2027,Day,2262,PERIL
Aug,30,2027,Day,2263,PIECE
Aug,31,2027,Day,2264,BLAME
Sep,01,2027,Day,2265,HAUTE
Sep,02,2027,Day,2266,SPIED
Sep,03,2027,Day,2267,UNDID
Sep,04,2027,Day,2268,INTRO
Sep,05,2027,Day,2269,BASAL
Sep,06,2027,Day,2270,SHINE
Sep,07,2027,Day,2271,GECKO
Sep,08,2027,Day,2272,RODEO
Sep,09,2027,Day,2273,GUARD
Sep,10,2027,Day,2274,STEER
Sep,11,2027,Day,2275,LOAMY
Sep,12,2027,Day,2276,SCAMP
Sep,13,2027,Day,2277,SCRAM
Sep,14,2027,Day,2278,MANLY
Sep,15,2027,Day,2279,HELLO
Sep,16,2027,Day,2280,VAUNT
Sep,17,2027,Day,2281,ORGAN
Sep,18,2027,Day,2282,FERAL
Sep,19,2027,Day,2283,KNOCK
Sep,20,2027,Day,2284,EXTRA
Sep,21,2027,Day,2285,CONDO
Sep,22,2027,Day,2286,ADAPT
Sep,23,2027,Day,2287,WILLY
Sep,24,2027,Day,2288,POLKA
Sep,25,2027,Day,2289,RAYON
Sep,26,2027,Day,2290,SKIRT
Sep,27,2027,Day,2291,FAITH
Sep,28,2027,Day,2292,TORSO
Sep,29,2027,Day,2293,MATCH
Sep,30,2027,Day,2294,MERCY
Oct,01,2027,Day,2295,TEPID
Oct,02,2027,Day,2296,SLEEK
Oct,03,2027,Day,2297,RISER
Oct,04,2027,Day,2298,TWIXT
Oct,05,2027,Day,2299,PEACE
Oct,06,2027,Day,2300,FLUSH
Oct,07,2027,Day,2301,CATTY
Oct,08,2027,Day,2302,LOGIN
Oct,09,2027,Day,2303,EJECT
Oct,10,2027,Day,2304,ROGER
Oct,11,2027,Day,2305,RIVAL
Oct,12,2027,Day,2306,UNTIE
Oct,13,2027,Day,2307,REFIT
Oct,14,2027,Day,2308,AORTA
Oct,15,2027,Day,2309,ADULT
Oct,16,2027,Day,2310,JUDGE
Oct,17,2027,Day,2311,ROWER
Oct,18,2027,Day,2312,ARTSY
Oct,19,2027,Day,2313,RURAL
Oct,20,2027,Day,2314,SHAVE